SITE NAME,CHRONOLOGY,SITE TYPE,SITE TYPE,SITE EASTING,SITE NORTHING,COUNCIL,URL,LATITUDE,LONGITUDE
"Papa Stour, Tiptans",Neolithic / Bronze Age,Stone Circle,,416680,1159660,SHETLAND ISLANDS,http://canmore.org.uk/site/215,60.32069,-1.6998527
Ring Of Brodgar,Neolithic / Bronze Age,Stone Circle,"Henge (Neol/bronze Age), Rune Inscribed Stone (Norse), ",329450,1013350,ORKNEY ISLANDS,http://canmore.org.uk/site/1696,59.001404,-3.2297693
Stones Of Stenness,Neolithic / Bronze Age,Stone Circle,"Henge (Neol/bronze Age)",330670,1012520,ORKNEY ISLANDS,http://canmore.org.uk/site/2105,58.994152,-3.2082776
"St Kilda, Boreray, Taigh Stallair",Neolithic / Bronze Age,Stone Circle,,15250,905050,WESTERN ISLES,http://canmore.org.uk/site/3969,57.868448,-8.4929027
"Lewis, Loch Seaforth",Neolithic / Bronze Age,Stone Circle,"Blackhouse (Post Medieval), Flint Scatter (Prehistoric), , Scraper (Tool)(S), Unidentified Pottery(S)",127810,916620,WESTERN ISLES,http://canmore.org.uk/site/4135,58.054845,-6.6156655
"Lewis, Garynahine, Airidh Nam Bidearan, 'tursachan'",Neolithic / Bronze Age,Stone Circle,,123420,929890,WESTERN ISLES,http://canmore.org.uk/site/4143,58.170916,-6.7054585
"Lewis, Callanish",Neolithic / Bronze Age,Stone Circle,"Avenue, Chambered Cairn (Neolithic), Stone Row(S) (Neol/bronze Age)",121300,933017,WESTERN ISLES,http://canmore.org.uk/site/4156,58.197573,-6.7451084
"Lewis, Callanish, Cnoc Fillibhir Bheag, 'tursachan'",Neolithic / Bronze Age,Stone Circle,,122517,932712,WESTERN ISLES,http://canmore.org.uk/site/4167,58.19561,-6.7241132
"Lewis, Callanish, 'tursachan'",Neolithic / Bronze Age,Stone Circle,"Cairn (Period Unassigned)",122215,932617,WESTERN ISLES,http://canmore.org.uk/site/4169,58.401586,-6.4573869
"Lewis, Garynahine, 'tursachan'",Neolithic / Bronze Age,Stone Circle,"Cairn (Period Unassigned)",122970,930420,WESTERN ISLES,http://canmore.org.uk/site/4170,58.2291,-6.4115541
"Lewis, Druim Nan Eum",Neolithic / Bronze Age,Stone Circle,"Quarry (Period Unassigned)",122970,933620,WESTERN ISLES,http://canmore.org.uk/site/4172,57.981744,-4.5891008
"Lewis, South Shawbost, Cnoc Laoiran",Neolithic / Bronze Age,Stone Circle,,123300,946100,WESTERN ISLES,http://canmore.org.uk/site/4209,58.010596,-4.4008992
"Lewis, Achmore",Neolithic / Bronze Age,Stone Circle,,131740,929260,WESTERN ISLES,http://canmore.org.uk/site/4232,58.010859,-4.4012554
"Lewis, Glen Shader",Neolithic / Bronze Age,Stone Circle,"Standing Stone (Prehistoric),, Structure(S) (Period Unassigned)",139630,953670,WESTERN ISLES,http://canmore.org.uk/site/4268,57.974348,-3.945946
"Lewis, Clach Stei Lin",Neolithic / Bronze Age,Stone Circle,"Enclosure (Period Unassigned)",139694,954546,WESTERN ISLES,http://canmore.org.uk/site/4278,58.517959,-3.6154022
"Lewis, Laxdale, Priest's Glen",Neolithic / Bronze Age,Stone Circle,,141110,935190,WESTERN ISLES,http://canmore.org.uk/site/4300,58.446389,-3.3321564
Rosehall,Neolithic / Bronze Age,Stone Circle,,247000,902100,HIGHLAND,http://canmore.org.uk/site/4861,57.223247,-7.410248
Lairg,Neolithic / Bronze Age,Stone Circle,,258000,906000,HIGHLAND,http://canmore.org.uk/site/5023,57.483872,-7.3001618
Druim Baile Fuir,Neolithic / Bronze Age,Stone Circle,,256040,902950,HIGHLAND,http://canmore.org.uk/site/5074,57.475666,-7.2992875
Achinduich,Neolithic / Bronze Age,Stone Circle,,258450,900840,HIGHLAND,http://canmore.org.uk/site/5075,57.564457,-7.2821586
River Shin,Neolithic / Bronze Age,Stone Circle,,258240,904900,HIGHLAND,http://canmore.org.uk/site/5081,57.520782,-7.2936212
River Shin,Neolithic / Bronze Age,Stone Circle,,258220,904930,HIGHLAND,http://canmore.org.uk/site/5084,57.54578,-7.3026118
Clach An Righ,Neolithic / Bronze Age,Stone Circle,,267930,939030,HIGHLAND,http://canmore.org.uk/site/5540,57.557292,-7.3332369
Cnoc An Liath-bhaid,Neolithic / Bronze Age,Stone Circle,,272800,910160,HIGHLAND,http://canmore.org.uk/site/6096,57.450627,-6.2491688
Craggan Soiller,Neolithic / Bronze Age,Stone Circle,"Spearhead (Bronze)",272600,962600,HIGHLAND,http://canmore.org.uk/site/6419,57.620059,-6.2889096
Dunrobin Castle,Neolithic / Bronze Age,Stone Circle,,285000,900000,HIGHLAND,http://canmore.org.uk/site/6526,57.620059,-6.2889096
Learable Hill,Neolithic / Bronze Age,Stone Circle,,289160,923510,HIGHLAND,http://canmore.org.uk/site/6716,57.183903,-6.0672523
Backlass,Neolithic / Bronze Age,Stone Circle,,307880,942340,HIGHLAND,http://canmore.org.uk/site/7607,57.267606,-5.7830651
Shurrery Kirk,Neolithic / Bronze Age,Stone Circle,"Standing Stone(S) (Prehistoric)",304880,958580,HIGHLAND,http://canmore.org.uk/site/7695,57.392083,-5.8292018
Aultan Broubster,Neolithic / Bronze Age,Stone Circle,,304400,959900,HIGHLAND,http://canmore.org.uk/site/7705,57.281925,-5.6019252
Loch Calder,Neolithic / Bronze Age,Stone Circle(S),,306000,960000,HIGHLAND,http://canmore.org.uk/site/7915,57.334461,-4.6879399
Guidebest,Neolithic / Bronze Age,Stone Circle,"Cairn (Period Unassigned)",318020,935100,HIGHLAND,http://canmore.org.uk/site/8114,57.364712,-4.8248725
"Forse, Latheron",Neolithic / Bronze Age,Stone Circle,,320770,936300,HIGHLAND,http://canmore.org.uk/site/8609,57.345605,-4.4955855
Acharole,Neolithic / Bronze Age,Stone Circle,,322340,951670,HIGHLAND,http://canmore.org.uk/site/8803,57.335439,-4.5102002
"South Uist, Loch Kildonan",Neolithic / Bronze Age,Stone Circle,,73600,827700,WESTERN ISLES,http://canmore.org.uk/site/9842,57.422099,-4.6660459
"Benbecula, Gramisdale",Neolithic / Bronze Age,Stone Circle,,82498,856139,WESTERN ISLES,http://canmore.org.uk/site/10186,57.588352,-4.4439443
"Benbecula, Suidheachadh Beag",Neolithic / Bronze Age,Stone Circle,"Chambered Cairn (Neolithic)",82479,855223,WESTERN ISLES,http://canmore.org.uk/site/10187,57.670713,-4.3656356
"North Uist, Ben Langass, Pobull Fhinn",Neolithic / Bronze Age,Stone Circle,,84274,865010,WESTERN ISLES,http://canmore.org.uk/site/10237,57.39383,-4.198974
"North Uist, Carinish",Neolithic / Bronze Age,Stone Circle,,83210,860210,WESTERN ISLES,http://canmore.org.uk/site/10249,57.415214,-4.3289784
"North Uist, Loch A' Phobuill, Sornach Coir' Fhinn",Neolithic / Bronze Age,Stone Circle,,82890,863030,WESTERN ISLES,http://canmore.org.uk/site/10269,57.420025,-4.2969739
"North Uist, Cringraval",Neolithic / Bronze Age,Stone Circle,,81161,864453,WESTERN ISLES,http://canmore.org.uk/site/10283,57.449288,-4.1928025
"Berneray, Sgalabraig",Neolithic / Bronze Age,Stone Circle,"Cairn (Period Unassigned), Cist (Period Unassigned)",91010,881550,WESTERN ISLES,http://canmore.org.uk/site/10495,57.074,-4.063532
"Berneray, Ruisgarry, Bruist",Neolithic / Bronze Age,Stone Circle,,92420,882880,WESTERN ISLES,http://canmore.org.uk/site/10496,57.40366,-4.1447959
"Skye, Borve, Clachan Erisco",Neolithic / Bronze Age,Stone Circle,,145190,848010,HIGHLAND,http://canmore.org.uk/site/11269,57.489282,-4.0368568
"Skye, Kilmuir",Neolithic / Bronze Age,Stone Circle(S),"Cairn(S) (Period Unassigned), Standing Stone(S) (Prehistoric)",144000,867000,HIGHLAND,http://canmore.org.uk/site/11369,57.478236,-4.0696017
"Skye, Pein-na-cille, Kilmuir",Neolithic / Bronze Age,Stone Circle,"Human Remains (Period Unassigned), Standing Stone(S) (Prehistoric)",144000,867000,HIGHLAND,http://canmore.org.uk/site/11370,57.473413,-4.0733316
"Skye, Strathaird, Na Clachan Bhreige",Neolithic / Bronze Age,Stone Circle,,154320,817680,HIGHLAND,http://canmore.org.uk/site/11437,57.47304,-4.0741444
"Skye, 'taynandruineach'",Neolithic / Bronze Age,Stone Circle(S),"Site (Period Unassigned)",172000,826000,HIGHLAND,http://canmore.org.uk/site/11675,57.472583,-4.0746188
Applecross,Neolithic / Bronze Age,Stone Circle,"Standing Stone (Prehistoric)",170000,840000,HIGHLAND,http://canmore.org.uk/site/11739,57.443133,-4.1219434
Clachan Of Kirkton,Neolithic / Bronze Age,Stone Circle,,183000,827000,HIGHLAND,http://canmore.org.uk/site/11861,57.47038,-4.0991752
Corrimony,Neolithic / Bronze Age,Stone Circle,"Chambered Cairn (Neolithic)",238300,830300,HIGHLAND,http://canmore.org.uk/site/12256,57.521436,-4.1722494
Craskie,Neolithic / Bronze Age,Stone Circle,"Cup Marked Stone (Prehistoric), Mound (Period Unassigned)",230200,834000,HIGHLAND,http://canmore.org.uk/site/12260,57.963921,-4.0823106
"Clachmhor, Culnakirk",Neolithic / Bronze Age,Stone Circle,"Cup Marked Stone (Prehistoric)",249921,831099,HIGHLAND,http://canmore.org.uk/site/12339,57.153493,-3.9122155
Carrachan Of Milton,Neolithic / Bronze Age,Stone Circle,,249000,830000,HIGHLAND,http://canmore.org.uk/site/12343,57.198697,-3.8271528
Boblaine,Neolithic / Bronze Age,Stone Circle(S),(S) (Neol/bronze Age),240000,840000,HIGHLAND,http://canmore.org.uk/site/12394,57.327343,-3.9767217
Humberston,Neolithic / Bronze Age,Stone Circle,,254000,858000,HIGHLAND,http://canmore.org.uk/site/12819,57.513075,-3.8937668
Assynt,Neolithic / Bronze Age,Stone Circle(S),"Hut Circle(S) (Prehistoric)",259000,867000,HIGHLAND,http://canmore.org.uk/site/12888,57.217182,-3.8101807
Gask,Neolithic / Bronze Age,Stone Circle,"Chambered Cairn (Neolithic)",267940,835850,HIGHLAND,http://canmore.org.uk/site/13109,57.573731,-3.690393
Kirkton,Neolithic / Bronze Age,Stone Circle,"Cist (Period Unassigned), Coin (Silver)(16th Century)",260210,838490,HIGHLAND,http://canmore.org.uk/site/13183,57.574917,-3.7996489
Kinchyle Of Dores,Neolithic / Bronze Age,Stone Circle,"Chambered Cairn (Neolithic)",262150,838960,HIGHLAND,http://canmore.org.uk/site/13184,57.57201,-3.7378022
Tordarroch,Neolithic / Bronze Age,Stone Circle,"Cup Marked Stone (Prehistoric), Ring Cairn (Neol/bronze Age)",268010,833500,HIGHLAND,http://canmore.org.uk/site/13211,57.593201,-3.5741798
Druidtemple,Neolithic / Bronze Age,Stone Circle,"Chambered Cairn (Neolithic)",268510,842010,HIGHLAND,http://canmore.org.uk/site/13505,57.406507,-3.367085
Torbreck,Neolithic / Bronze Age,Stone Circle,,264373,840387,HIGHLAND,http://canmore.org.uk/site/13542,57.647115,-3.4054426
The Rath Of Kingussie,Neolithic / Bronze Age,Stone Circle,"Moot (Medieval)",275000,800000,HIGHLAND,http://canmore.org.uk/site/14078,57.659317,-3.3742371
Midlairgs,Neolithic / Bronze Age,Stone Circle,"Chambered Cairn (Neolithic)",271230,836840,HIGHLAND,http://canmore.org.uk/site/14123,57.629934,-3.5087791
Cantraybruich,Neolithic / Bronze Age,Stone Circle,"Chambered Cairn (Neolithic)",278000,846170,HIGHLAND,http://canmore.org.uk/site/14158,57.573593,-3.3258572
Culloden Station,Neolithic / Bronze Age,Stone Circle,,276000,845000,HIGHLAND,http://canmore.org.uk/site/14160,57.630836,-3.2167423
"Balnuaran Of Clava, North-east",Bronze Age,Stone Circle,"Chambered Cairn (Bronze Age),  (Bronze Age)",275760,844470,HIGHLAND,http://canmore.org.uk/site/14257,57.651132,-3.2080381
"Culdoich, Clava",Neolithic / Bronze Age,Stone Circle,"Ring Cairn (Neol/bronze Age)",275110,843780,HIGHLAND,http://canmore.org.uk/site/14268,57.668337,-3.1935225
"Balnuaran Of Clava, Centre",Bronze Age,Stone Circle,"Ring Cairn (Bronze Age)",275710,844430,HIGHLAND,http://canmore.org.uk/site/14277,57.664351,-3.2344594
"Balnuaran Of Clava, South-west",Bronze Age,Stone Circle,"Chambered Cairn (Bronze Age)",275680,844380,HIGHLAND,http://canmore.org.uk/site/14279,57.660892,-3.1924398
Milton Of Clava North,Neolithic / Bronze Age,Stone Circle,"Ring Cairn (Neol/bronze Age)",275246,843974,HIGHLAND,http://canmore.org.uk/site/14281,57.64714,-3.336916
Daviot Cottage,Neolithic / Bronze Age,Stone Circle,"Ring Cairn (Neol/bronze Age)",272740,841190,HIGHLAND,http://canmore.org.uk/site/14308,57.653393,-3.0557909
Culchunaig,Neolithic / Bronze Age,Stone Circle,"Chambered Cairn (Neolithic)",274200,844180,HIGHLAND,http://canmore.org.uk/site/14310,57.667304,-3.1096705
Achnuallan,Neolithic / Bronze Age,Stone Circle,,270000,850000,HIGHLAND,http://canmore.org.uk/site/14315,57.132954,-2.8606854
Carriblair,Prehistoric,Stone Circle,"Cist (Period Unassigned),  (Prehistoric),  (Prehistoric), Food Vessel",270900,885110,HIGHLAND,http://canmore.org.uk/site/14642,57.137931,-2.8940121
Golspie-lairg Road,Neolithic / Bronze Age,Stone Circle,"Cist (Period Unassigned), Cremation (Period Unassigned), ",276900,899080,HIGHLAND,http://canmore.org.uk/site/14793,57.124084,-2.8439628
Delfour,Neolithic / Bronze Age,Stone Circle,"Ring Cairn (Neol/bronze Age), ",284420,808580,HIGHLAND,http://canmore.org.uk/site/14894,57.123972,-2.860477
Aviemore,Neolithic / Bronze Age,Stone Circle,"Ring Cairn (Neol/bronze Age), ",289700,813470,HIGHLAND,http://canmore.org.uk/site/14927,57.132811,-2.8684468
Soilshan Wood,Neolithic / Bronze Age,Stone Circle,,281080,828040,HIGHLAND,http://canmore.org.uk/site/14954,57.211062,-2.9315733
Little Urchany,Neolithic / Bronze Age,Stone Circle,"Chambered Cairn (Neolithic), ",286650,848570,HIGHLAND,http://canmore.org.uk/site/14996,57.326957,-2.8660477
Little Urchany,Neolithic / Bronze Age,Stone Circle,"Ring Cairn (Neol/bronze Age), ",286650,848590,HIGHLAND,http://canmore.org.uk/site/15007,57.330224,-2.8611419
Flemington,Neolithic / Bronze Age,Stone Circle(S),(S),280000,853000,HIGHLAND,http://canmore.org.uk/site/15233,57.446061,-2.8664955
Fearn Parish,Neolithic / Bronze Age,Stone Circle(S),(S),284000,877000,HIGHLAND,http://canmore.org.uk/site/15269,57.658299,-2.9820256
Grenish,Neolithic / Bronze Age,Stone Circle,"Ring Cairn (Neol/bronze Age)",290780,815500,HIGHLAND,http://canmore.org.uk/site/15398,57.637278,-2.9347273
Darnaway,Neolithic,Stone Circle, (Neolithic),299000,855000,MORAY,http://canmore.org.uk/site/15527,57.256979,-2.6870909
Auldearn,Neolithic,Stone Circle,"Ring Cairn (Neolithic)",292470,855300,HIGHLAND,http://canmore.org.uk/site/15547,57.259638,-2.7144429
Golford,Neolithic / Bronze Age,Stone Circle,"Cist(S) (Period Unassigned), Ring Cairn (Neol/bronze Age)",296160,854880,HIGHLAND,http://canmore.org.uk/site/15578,57.243169,-2.7651591
Moyness,Neolithic / Bronze Age,Stone Circle,"Ring Cairn (Neol/bronze Age)",295270,853660,HIGHLAND,http://canmore.org.uk/site/15582,57.188052,-2.7282815
Castlehaven,Neolithic / Bronze Age,Stone Circle,,292970,887170,HIGHLAND,http://canmore.org.uk/site/15614,57.326772,-2.7846664
Lynagowan,Neolithic / Bronze Age,Stone Circle,,304800,841400,MORAY,http://canmore.org.uk/site/15764,57.332011,-2.750562
Blervie,Neolithic,Stone Circle, (Neolithic),306000,857000,MORAY,http://canmore.org.uk/site/15783,57.331184,-2.7830996
Lagmore East,Neolithic / Bronze Age,Stone Circle,"Cup Marked Stone (Prehistoric), Ring Cairn (Neol/bronze Age)",317960,835950,MORAY,http://canmore.org.uk/site/15989,,
Pitchroy,Neolithic / Bronze Age,Stone Circle,,317820,838230,MORAY,http://canmore.org.uk/site/15992,57.311296,-2.7886528
Doune Of Dalmore,Neolithic / Bronze Age,Stone Circle,"Ring Cairn (Neol/bronze Age)",318530,830850,MORAY,http://canmore.org.uk/site/16029,57.427061,-2.6857293
Bridgend Of Livet,Neolithic / Bronze Age,Stone Circle,,319890,830050,MORAY,http://canmore.org.uk/site/16030,57.410299,-2.7426753
Knowehillock,Neolithic / Bronze Age,Stone Circle,,319370,843350,MORAY,http://canmore.org.uk/site/16062,57.467021,-2.7951724
Knock Of Alves,Neolithic / Bronze Age,Stone Circle,,316210,862780,MORAY,http://canmore.org.uk/site/16234,57.314368,-2.6074276
Quarry Wood,Neolithic / Bronze Age,Stone Circle,,318100,864100,MORAY,http://canmore.org.uk/site/16236,57.288774,-2.6420108
'moor Of Alves',Neolithic / Bronze Age,Stone Circle,,313000,862000,MORAY,http://canmore.org.uk/site/16240,57.443584,-2.5390964
Gateside,Neolithic / Bronze Age,Stone Circle,,310000,861000,MORAY,http://canmore.org.uk/site/16270,57.436435,-2.5301631
Errol,Neolithic / Bronze Age,Stone Circle,,326900,859840,MORAY,http://canmore.org.uk/site/16397,57.443343,-2.629723
Burn Of Bardon,Neolithic / Bronze Age,Stone Circle,,320800,854500,MORAY,http://canmore.org.uk/site/16443,57.419214,-2.6043351
Bogton,Neolithic / Bronze Age,Stone Circle,,327440,860750,MORAY,http://canmore.org.uk/site/16524,57.385544,-2.5837038
Innesmill,Neolithic / Bronze Age,Stone Circle(S),"Barrow (Prehistoric)",328000,863000,MORAY,http://canmore.org.uk/site/16527,57.505693,-2.5508597
Lochhill,Neolithic / Bronze Age,Stone Circle,,328900,864900,MORAY,http://canmore.org.uk/site/16532,57.505977,-2.5475262
Cappieshill,Neolithic / Bronze Age,Stone Circle,"Cairn (Period Unassigned)",326450,864500,MORAY,http://canmore.org.uk/site/16533,57.617199,-2.5220809
Innesmill,Neolithic / Bronze Age,Stone Circle,,328950,864070,MORAY,http://canmore.org.uk/site/16581,57.637647,-2.5711135
Connet Hill,Neolithic / Bronze Age,Stone Circle(S),,320300,862700,MORAY,http://canmore.org.uk/site/16639,57.66471,-2.5236017
Nether Cluny,Neolithic / Bronze Age,Stone Circle,"Standing Stone (Prehistoric)",331470,838060,MORAY,http://canmore.org.uk/site/16821,57.655225,-2.5147514
Cowiemuir,Neolithic / Bronze Age,Stone Circle,"Cairn (Period Unassigned)",337090,863100,MORAY,http://canmore.org.uk/site/16928,57.655685,-2.5546399
"Browlands, Garmouth",Neolithic / Bronze Age,Stone Circle,,333900,864700,MORAY,http://canmore.org.uk/site/16949,57.662831,-2.6026839
Tarland,Neolithic / Bronze Age,Stone Circle,,348000,805000,ABERDEENSHIRE,http://canmore.org.uk/site/16973,57.641697,-2.6616313
Brankholme Cottage,Neolithic / Bronze Age,Stone Circle,,345990,805580,ABERDEENSHIRE,http://canmore.org.uk/site/16977,57.664437,-2.6050571
Tomnaverie,Neolithic / Bronze Age,Stone Circle,,349000,804000,ABERDEENSHIRE,http://canmore.org.uk/site/17034,,
Tomnaverie,Neolithic / Bronze Age,Stone Circle,,348000,804000,ABERDEENSHIRE,http://canmore.org.uk/site/17035,57.128933,-2.3567759
Waulkmill,Neolithic / Bronze Age,Stone Circle,,347530,804990,ABERDEENSHIRE,http://canmore.org.uk/site/17039,57.108475,-2.3483246
Glenkindie,Neolithic / Bronze Age,Stone Circle,"Standing Stone (Prehistoric)",343828,813751,ABERDEENSHIRE,http://canmore.org.uk/site/17168,57.22923,-2.3400218
Wheedlemont,Neolithic / Bronze Age,Stone Circle,,347950,826600,ABERDEENSHIRE,http://canmore.org.uk/site/17204,57.267149,-2.3677286
Upper Ord,Neolithic / Bronze Age,Stone Circle,,348250,826960,ABERDEENSHIRE,http://canmore.org.uk/site/17221,57.23056,-2.4823166
Garran Burn,Neolithic / Bronze Age,Stone Circle,,348092,839859,ABERDEENSHIRE,http://canmore.org.uk/site/17259,57.30873,-2.4003456
Meikle Hill,Bronze Age,Stone Circle,"Cairn (Bronze Age)",342690,860470,MORAY,http://canmore.org.uk/site/17424,57.291575,-2.3998273
Auchentae,Neolithic,Stone Circle, (Neolithic),341500,863580,MORAY,http://canmore.org.uk/site/17433,57.274519,-2.3961598
"Core Stanes, Greenbank",Bronze Age,Stone Circle,"Cairn (Bronze Age)",344290,861200,MORAY,http://canmore.org.uk/site/17435,57.313248,-2.494024
"Druidstone, Druidsfield",Neolithic / Bronze Age,Stone Circle,,357890,817710,ABERDEENSHIRE,http://canmore.org.uk/site/17519,57.425583,-2.4570713
Crookmore,Neolithic / Bronze Age,Stone Circle,"Cup(S) (Stone)",358647,818687,ABERDEENSHIRE,http://canmore.org.uk/site/17526,57.147873,-2.3291934
Whiteside,Neolithic / Bronze Age,Stone Circle,"Ladle (Stone)",357000,819000,ABERDEENSHIRE,http://canmore.org.uk/site/17535,57.099738,-2.2442594
Braes Of Forbes,Neolithic / Bronze Age,Stone Circle,"Cup (Stone)",353000,817000,ABERDEENSHIRE,http://canmore.org.uk/site/17565,57.524612,-2.2001782
Nether Balfour,Neolithic / Bronze Age,Stone Circle,"Hut Circle (Prehistoric), Souterrain (Prehistoric)",353920,817200,ABERDEENSHIRE,http://canmore.org.uk/site/17574,57.360439,-2.1013786
Drumfours,Neolithic / Bronze Age,Stone Circle,"Cup Marked Stone (Prehistoric)",356080,811040,ABERDEENSHIRE,http://canmore.org.uk/site/17579,57.623128,-1.984751
Newbigging,Neolithic / Bronze Age,Stone Circle,"Paving (Period Unassigned)",352850,826520,ABERDEENSHIRE,http://canmore.org.uk/site/17648,56.498867,-6.9452135
"The Sunken Kirk, Seggieden",Neolithic / Bronze Age,Stone Circle,"Cist(S) (Period Unassigned), Cinerary Urn",354910,827080,ABERDEENSHIRE,http://canmore.org.uk/site/17675,56.542358,-6.0622369
Bankhead,Neolithic / Bronze Age,Stone Circle,,352950,827010,ABERDEENSHIRE,http://canmore.org.uk/site/17678,56.358221,-5.8579424
Leslie Parish,Neolithic / Bronze Age,Stone Circle,,,,ABERDEENSHIRE,http://canmore.org.uk/site/17695,56.492771,-5.4031834
Gordonstown,Neolithic / Bronze Age,Stone Circle,,352590,824800,ABERDEENSHIRE,http://canmore.org.uk/site/17714,56.470952,-5.3460049
Stoneyfield,Neolithic / Bronze Age,Stone Circle,,358920,837620,ABERDEENSHIRE,http://canmore.org.uk/site/17726,56.168159,-5.0766148
Belts Of Shanquhar,Neolithic / Bronze Age,Stone Circle,,355480,835790,ABERDEENSHIRE,http://canmore.org.uk/site/17729,56.822368,-5.0330448
Dummuies,Neolithic / Bronze Age,Stone Circle,,356090,836990,ABERDEENSHIRE,http://canmore.org.uk/site/17738,56.423437,-4.4616075
Huntly,Neolithic / Bronze Age,Stone Circle,"Pictish Symbol Stone (Pictish)",352920,839990,ABERDEENSHIRE,http://canmore.org.uk/site/17744,56.465809,-4.3112571
Braes Of Bucharn,Neolithic / Bronze Age,Stone Circle,"Four Poster  (Bronze Age)",351870,836030,ABERDEENSHIRE,http://canmore.org.uk/site/17748,56.584364,-4.3136051
Keeper's Cottage,Neolithic / Bronze Age,Stone Circle,,354860,835970,ABERDEENSHIRE,http://canmore.org.uk/site/17751,56.216653,-4.1730123
Millhill,Neolithic / Bronze Age,Stone Circle,,351580,834780,ABERDEENSHIRE,http://canmore.org.uk/site/17779,56.534877,-4.1446812
The Candy Stone,Neolithic / Bronze Age,Stone Circle,,353360,830360,ABERDEENSHIRE,http://canmore.org.uk/site/17781,56.69302,-4.1683839
Brown Hill,Neolithic / Bronze Age,Stone Circle,,354390,847070,ABERDEENSHIRE,http://canmore.org.uk/site/17851,56.402886,-3.9724461
Roddantree,Neolithic / Bronze Age,Stone Circle,,352400,842140,ABERDEENSHIRE,http://canmore.org.uk/site/17884,56.601814,-3.9602579
Thorax,Neolithic / Bronze Age,Stone Circle,"Cup Marked Stone (Prehistoric)",358220,854950,ABERDEENSHIRE,http://canmore.org.uk/site/17897,56.607286,-3.9744562
St Marnan's Chair,Neolithic / Bronze Age,Stone Circle,"Standing Stone(S) (Prehistoric)",359709,850199,ABERDEENSHIRE,http://canmore.org.uk/site/17915,56.72495,-4.0499228
Gaulcross South,Neolithic / Bronze Age,Stone Circle,,353500,863870,ABERDEENSHIRE,http://canmore.org.uk/site/17978,56.233615,-3.8362745
Gaulcross North,Neolithic / Bronze Age,Stone Circle,", Hoard (Silver)(Pictish)",353540,863920,ABERDEENSHIRE,http://canmore.org.uk/site/17979,56.196185,-3.8871925
Deer Park,Bronze Age,Stone Circle, (Bronze Age),368330,815640,ABERDEENSHIRE,http://canmore.org.uk/site/18029,56.40371,-3.8609897
Tombeg,Bronze Age,Stone Circle,"Recumbent  (Bronze Age), Rubbing Stone (19th Century), Standing Stone (Bronze Age)",367930,814260,ABERDEENSHIRE,http://canmore.org.uk/site/18064,56.405444,-3.81683
Newton,Neolithic / Bronze Age,Stone Circle,"Cist (Period Unassigned)",363510,825030,ABERDEENSHIRE,http://canmore.org.uk/site/18130,56.612669,-3.9522489
Broomend,Neolithic / Bronze Age,Stone Circle,"Cist (Period Unassigned)",363300,825790,ABERDEENSHIRE,http://canmore.org.uk/site/18131,56.620384,-3.9184192
Westside,Neolithic / Bronze Age,Stone Circle,,362830,825520,ABERDEENSHIRE,http://canmore.org.uk/site/18133,56.404047,-3.7451333
Husband Hillock,Neolithic / Bronze Age,Stone Circle,"Cist(S) (Period Unassigned), Cinerary Urn(S)",362060,824540,ABERDEENSHIRE,http://canmore.org.uk/site/18201,56.528578,-3.6939508
Druidstone,Neolithic / Bronze Age,Stone Circle(S),"Cairn(S) (Period Unassigned), Hut Circle(S) (Prehistoric)",361400,822200,ABERDEENSHIRE,http://canmore.org.uk/site/18215,56.708329,-3.7492345
Upper Third,Neolithic / Bronze Age,Stone Circle,,367740,839380,ABERDEENSHIRE,http://canmore.org.uk/site/18226,56.66159,-3.6718511
West Haughs,Neolithic / Bronze Age,Stone Circle,,368270,838580,ABERDEENSHIRE,http://canmore.org.uk/site/18230,56.442043,-3.5282073
Stoneyhill,Neolithic / Bronze Age,Stone Circle,,362300,839400,ABERDEENSHIRE,http://canmore.org.uk/site/18236,56.398656,-3.619311
Hillhead Of Bogfouton,Neolithic / Bronze Age,Stone Circle,,363800,836700,ABERDEENSHIRE,http://canmore.org.uk/site/18237,56.32027,-3.327366
"Kirkton Of Culsalmond, Old Parish Church",Neolithic / Bronze Age,Stone Circle,"Bellcote (17th Century), Church (18th Century), ",365007,832941,ABERDEENSHIRE,http://canmore.org.uk/site/18243,56.358319,-3.4050825
Hill Of Rothmaise,Neolithic / Bronze Age,Stone Circle,,368000,833000,ABERDEENSHIRE,http://canmore.org.uk/site/18257,56.422355,-3.4076054
Tocherford,Neolithic / Bronze Age,Stone Circle,"Pictish Symbol Stone (Pictish)",369810,833050,ABERDEENSHIRE,http://canmore.org.uk/site/18267,56.49955,-3.3661145
Tocher,Neolithic / Bronze Age,Stone Circle,,369390,832570,ABERDEENSHIRE,http://canmore.org.uk/site/18268,56.501037,-3.3452106
Colpy,Neolithic / Bronze Age,Stone Circle,"Cinerary Urn",364110,832610,ABERDEENSHIRE,http://canmore.org.uk/site/18272,56.530015,-3.4603727
Backhill Of Drachlaw,Neolithic / Bronze Age,Stone Circle,,367090,846300,ABERDEENSHIRE,http://canmore.org.uk/site/18324,56.462917,-3.3638248
Backhill Of Drachlaw,Neolithic / Bronze Age,Stone Circle,,367290,846330,ABERDEENSHIRE,http://canmore.org.uk/site/18325,56.463772,-3.4000487
Greymuir Cairn,Neolithic / Bronze Age,Stone Circle,"Cairn (Period Unassigned)",367510,845200,ABERDEENSHIRE,http://canmore.org.uk/site/18328,56.469305,-3.3953826
Hare Stanes,Neolithic / Bronze Age,Stone Circle,,366450,843830,ABERDEENSHIRE,http://canmore.org.uk/site/18352,56.464155,-3.445021
Auchaber,Neolithic / Bronze Age,Stone Circle,,363210,840330,ABERDEENSHIRE,http://canmore.org.uk/site/18369,56.474041,-3.3976669
Newton Of Mountblairy,Neolithic / Bronze Age,Stone Circle,"Cinerary Urn",368000,855000,ABERDEENSHIRE,http://canmore.org.uk/site/18378,56.613561,-3.3083115
Mains Of Auchinbadie,Neolithic / Bronze Age,Stone Circle,"Armlet (Bronze)",368910,858700,ABERDEENSHIRE,http://canmore.org.uk/site/18387,56.579303,-3.3691528
North Burreldales,Neolithic / Bronze Age,Stone Circle,,367580,854910,ABERDEENSHIRE,http://canmore.org.uk/site/18394,56.214543,-3.1544039
Whitehill Wood,Neolithic / Bronze Age,Stone Circle,,367820,850510,ABERDEENSHIRE,http://canmore.org.uk/site/18397,56.536339,-3.1966994
Wardend,Neolithic / Bronze Age,Stone Circle,,366000,861000,ABERDEENSHIRE,http://canmore.org.uk/site/18445,56.464385,-3.2851607
"Banff, 'grey Stone'",Neolithic,Stone Circle,"Standing Stone (Neolithic)",368860,863990,ABERDEENSHIRE,http://canmore.org.uk/site/18459,56.649104,-3.2416952
Gavenie Braes,Bronze Age,Stone Circle, (Bronze Age),369380,862930,ABERDEENSHIRE,http://canmore.org.uk/site/18464,56.367256,-3.1185459
Colleonard,Bronze Age,Stone Circle,"Cinerary Urn (Bronze Age), Flat Axehead(S) (Bronze)(Bronze Age)",367000,863000,ABERDEENSHIRE,http://canmore.org.uk/site/18475,56.376633,-3.1039237
Boyndie Church,Neolithic,Stone Circle, (Neolithic),364140,863820,ABERDEENSHIRE,http://canmore.org.uk/site/18497,56.53389,-3.0067117
Bankhead,Neolithic / Bronze Age,Stone Circle,,360600,861500,ABERDEENSHIRE,http://canmore.org.uk/site/18502,56.511544,-3.0577933
Boyndie,Neolithic,Stone Circle, (Neolithic),364000,864000,ABERDEENSHIRE,http://canmore.org.uk/site/18507,56.472157,-3.0513406
Skene,Neolithic / Bronze Age,Stone Circle,"Cup Marked Stone (Prehistoric)",,,ABERDEENSHIRE,http://canmore.org.uk/site/18515,56.457369,-3.0887401
Nether Corskie,Neolithic / Bronze Age,Stone Circle,"Pictish Symbol Stone (Pictish), ",374825,809598,ABERDEENSHIRE,http://canmore.org.uk/site/18537,56.693027,-3.0579804
Cullerlie,Neolithic / Bronze Age,Stone Circle,,378500,804280,ABERDEENSHIRE,http://canmore.org.uk/site/18548,56.54637,-2.9507676
Eddieston,Neolithic / Bronze Age,Stone Circle,,379000,802000,"ABERDEEN, CITY OF",http://canmore.org.uk/site/18551,56.288308,-2.7446801
Fullerton,Neolithic / Bronze Age,Stone Circle,"Unidentified Pottery (Iron Age)",378390,817970,ABERDEENSHIRE,http://canmore.org.uk/site/18569,56.600229,-2.716604
Cairnhall,Neolithic / Bronze Age,Stone Circle,,378500,817590,ABERDEENSHIRE,http://canmore.org.uk/site/18572,56.549819,-2.7335431
Hill Of Tuack,Neolithic / Bronze Age,Stone Circle,"Cremation(S) (Period Unassigned), Ring Ditch (Period Unassigned), Blade (Bronze), Cinerary Urn(S), Food Vessel",379570,815440,ABERDEENSHIRE,http://canmore.org.uk/site/18583,56.808995,-2.7505555
Broomend Of Crichie,Neolithic / Bronze Age,Stone Circle,"Cist(S) (Period Unassigned), Henge (Neol/bronze Age), Timber Circle (Bronze Age), Battleaxe, Cinerary Urn(S)",377920,819670,ABERDEENSHIRE,http://canmore.org.uk/site/18621,57.019635,-2.4586642
Nether Coullie,Neolithic / Bronze Age,Stone Circle,"Recumbent  (Bronze Age), ",370980,815640,ABERDEENSHIRE,http://canmore.org.uk/site/18657,57.030617,-2.4268386
Daviot Church,Neolithic / Bronze Age,Stone Circle,,374950,828237,ABERDEENSHIRE,http://canmore.org.uk/site/18800,57.02105,-2.4397406
Balhalgardy,Neolithic / Bronze Age,Stone Circle,"Cup Marked Stone (Prehistoric)",375980,824310,ABERDEENSHIRE,http://canmore.org.uk/site/18860,56.94095,-2.2706659
Brandsbutt,Neolithic / Bronze Age,Stone Circle,,376000,822400,ABERDEENSHIRE,http://canmore.org.uk/site/18882,57.000845,-2.2814717
Ardtannes,Neolithic / Bronze Age,Stone Circle,,376210,820500,ABERDEENSHIRE,http://canmore.org.uk/site/18895,57.006737,-2.2777954
Crowmallie,Neolithic / Bronze Age,Stone Circle,,370340,824850,ABERDEENSHIRE,http://canmore.org.uk/site/19000,55.724719,-6.4679559
Burreldales,Neolithic / Bronze Age,Stone Circle,"Cairn (Period Unassigned)",373770,839540,ABERDEENSHIRE,http://canmore.org.uk/site/19092,55.559825,-5.3428261
The Gammons,Neolithic / Bronze Age,Stone Circle,,372650,837340,ABERDEENSHIRE,http://canmore.org.uk/site/19109,56.123473,-5.4987509
Burreldales,Neolithic / Bronze Age,Stone Circle,,373620,840270,ABERDEENSHIRE,http://canmore.org.uk/site/19223,55.576073,-5.1900667
Rapplaburn,Neolithic / Bronze Age,Stone Circle,,372700,840550,ABERDEENSHIRE,http://canmore.org.uk/site/19224,55.540012,-5.313967
"Cloghill, Kingswells",Neolithic / Bronze Age,Stone Circle,,385900,807500,"ABERDEEN, CITY OF",http://canmore.org.uk/site/19330,55.54065,-5.3119753
Gask,Neolithic / Bronze Age,Stone Circle,"Cup Marked Stone (Prehistoric)",380180,806380,ABERDEENSHIRE,http://canmore.org.uk/site/19369,55.54049,-5.3109154
Milltimber Farm,Neolithic / Bronze Age,Stone Circle,"Standing Stone (Prehistoric)",385300,801000,"ABERDEEN, CITY OF",http://canmore.org.uk/site/19371,55.540739,-5.3106668
Cults,Neolithic / Bronze Age,Stone Circle,,389470,803510,"ABERDEEN, CITY OF",http://canmore.org.uk/site/19387,55.539941,-5.3159112
Cothill,Neolithic / Bronze Age,Stone Circle(S),,384860,817030,ABERDEENSHIRE,http://canmore.org.uk/site/19471,55.442099,-5.1101595
Kinellar Churchyard,Neolithic / Bronze Age,Stone Circle,,382160,814400,ABERDEENSHIRE,http://canmore.org.uk/site/19545,55.554097,-5.1425756
'lower Clinterty',Neolithic / Bronze Age,Stone Circle,,384000,810000,"ABERDEEN, CITY OF",http://canmore.org.uk/site/19574,55.664831,-5.1585933
Kinellar Parish Church,Neolithic / Bronze Age,Stone Circle,"Burial Ground (Period Unassigned), Church (Period Unassigned), Knocking Stone (Period Unassigned), Stone (Period Unassigned), , Wall(S) (Period Unassigned)",382151,814440,ABERDEENSHIRE,http://canmore.org.uk/site/19589,58.19457,-6.7291195
Shelden,Neolithic / Bronze Age,Stone Circle,,382290,824930,ABERDEENSHIRE,http://canmore.org.uk/site/19697,58.175378,-6.713711
South Ythsie,Neolithic / Bronze Age,Stone Circle,,388490,830390,ABERDEENSHIRE,http://canmore.org.uk/site/19809,58.204022,-6.7175133
Culsh,Neolithic / Bronze Age,Stone Circle,"Pit(S) (Period Unassigned), Arrowhead(S) (Flint), Axehead(S) (Stone), Worked Object(S) (Flint)",388100,848000,ABERDEENSHIRE,http://canmore.org.uk/site/19860,58.315937,-6.7267993
Hill Of Culsh,Neolithic / Bronze Age,Stone Circle,,388110,848290,ABERDEENSHIRE,http://canmore.org.uk/site/19867,58.170407,-6.5637603
Hillhead Of Barrack,Neolithic / Bronze Age,Stone Circle,"Cinerary Urn(S)",389300,841900,ABERDEENSHIRE,http://canmore.org.uk/site/19894,58.393704,-6.4574864
Upper Auchnagorth,Neolithic / Bronze Age,Stone Circle,,383900,856290,ABERDEENSHIRE,http://canmore.org.uk/site/19926,58.020391,-4.4056198
Chapelden,Neolithic / Bronze Age,Stone Circle,,383000,863000,ABERDEENSHIRE,http://canmore.org.uk/site/19976,57.99239,-4.4369048
Mill Of Schivas,Neolithic / Bronze Age,Stone Circle,,390030,835700,ABERDEENSHIRE,http://canmore.org.uk/site/20448,57.974229,-4.3949139
Craigs Of Auchterellon,Neolithic / Bronze Age,Stone Circle,,394000,830000,ABERDEENSHIRE,http://canmore.org.uk/site/20534,58.319888,-4.256372
Upper Benwells,Neolithic / Bronze Age,Stone Circle,,394720,846600,ABERDEENSHIRE,http://canmore.org.uk/site/20608,58.062216,-4.1575334
Woodfield,Neolithic / Bronze Age,Stone Circle,,397510,844270,ABERDEENSHIRE,http://canmore.org.uk/site/20649,58.532802,-4.1898138
Upper Crichie,Neolithic / Bronze Age,Stone Circle,,395800,844290,ABERDEENSHIRE,http://canmore.org.uk/site/20656,58.186449,-3.8867671
Skelmuir Hill,Neolithic / Bronze Age,Stone Circle,,398000,841000,ABERDEENSHIRE,http://canmore.org.uk/site/20660,58.359814,-3.5760369
Cairnorchies Holdings,Neolithic / Bronze Age,Stone Circle,,396990,850830,ABERDEENSHIRE,http://canmore.org.uk/site/20713,58.504967,-3.6340274
Hatton,Neolithic / Bronze Age,Stone Circle,,405070,836430,ABERDEENSHIRE,http://canmore.org.uk/site/20866,58.516713,-3.6428144
Cortie Brae,Neolithic / Bronze Age,Stone Circle,,401010,859240,ABERDEENSHIRE,http://canmore.org.uk/site/21098,58.296824,-3.4002334
"Gray Stone, Cortiecram",Neolithic / Bronze Age,Stone Circle,"Standing Stone (Prehistoric)",402710,850710,ABERDEENSHIRE,http://canmore.org.uk/site/21114,58.308104,-3.3537467
Berneray,Neolithic / Bronze Age,Stone Circle,,56400,780300,WESTERN ISLES,http://canmore.org.uk/site/21367,57.717069,-7.1911625
"Tiree, Hough",Neolithic / Bronze Age,Stone Circle,,95880,745180,ARGYLL AND BUTE,http://canmore.org.uk/site/21429,57.729933,-7.1692926
"Tiree, Hough",Neolithic / Bronze Age,Stone Circle,,95800,745050,ARGYLL AND BUTE,http://canmore.org.uk/site/21432,57.372757,-4.196548
"Sgriob-ruadh, Mull",Neolithic / Bronze Age,Stone Circle,,149200,755000,ARGYLL AND BUTE,http://canmore.org.uk/site/22063,57.433503,-4.260782
"Tenga, Mull",Neolithic / Bronze Age,Stone Circle,"Standing Stone(S) (Prehistoric)",150380,746320,ARGYLL AND BUTE,http://canmore.org.uk/site/22266,57.467041,-4.0838093
"Lochbuie, Mull",Neolithic / Bronze Age,Stone Circle,"Standing Stone (Prehistoric)",161780,725117,ARGYLL AND BUTE,http://canmore.org.uk/site/22385,57.468819,-4.0816427
Strontoiller,Neolithic / Bronze Age,Stone Circle,,190670,729140,ARGYLL AND BUTE,http://canmore.org.uk/site/23206,57.836834,-4.1760453
Benderloch,Neolithic / Bronze Age,Stone Circle,,190600,738600,ARGYLL AND BUTE,http://canmore.org.uk/site/23224,57.513254,-3.8937761
Achnaba,Neolithic / Bronze Age,Stone Circle(S),"Site (Period Unassigned)",194000,736000,ARGYLL AND BUTE,http://canmore.org.uk/site/23241,57.551129,-4.0068824
Strachur Schoolhouse,Neolithic / Bronze Age,Stone Circle,"Axehead (Stone)",209080,701540,ARGYLL AND BUTE,http://canmore.org.uk/site/23380,57.767623,-3.9516263
Clach Nan Toll,Neolithic / Bronze Age,Stone Circle,,213290,725560,ARGYLL AND BUTE,http://canmore.org.uk/site/23658,57.560851,-3.7521482
Allt A Mhuilinn,Neolithic / Bronze Age,Stone Circle,,215000,774200,HIGHLAND,http://canmore.org.uk/site/23714,57.861157,-3.8054887
Inverarnan,Neolithic / Bronze Age,Stone Circle(S),,231700,718460,STIRLING,http://canmore.org.uk/site/23829,57.452877,-3.5881435
Innishewan,Neolithic / Bronze Age,Stone Circle,,248270,728410,STIRLING,http://canmore.org.uk/site/23949,57.426957,-3.370179
Balquhidder,Neolithic / Bronze Age,Stone Circle,,253600,720700,STIRLING,http://canmore.org.uk/site/24152,57.360811,-3.3559091
"Killin, Kinnell Park",Neolithic / Bronze Age,Stone Circle,,257700,732803,STIRLING,http://canmore.org.uk/site/24189,57.353869,-3.3330486
Kerrowmore,Neolithic / Bronze Age,Stone Circle,,258000,746000,PERTH AND KINROSS,http://canmore.org.uk/site/24237,57.473213,-3.3460639
Wester Torrie,Neolithic / Bronze Age,Stone Circle,,265340,704800,STIRLING,http://canmore.org.uk/site/24389,57.639503,-3.4589209
Machuim,Neolithic / Bronze Age,Stone Circle,"Cairn (Period Unassigned), Cup Marked Stone (Prehistoric), ",268201,740156,PERTH AND KINROSS,http://canmore.org.uk/site/24537,57.622577,-3.2255074
Innerhadden Farm,Neolithic / Bronze Age,Stone Circle(S),(S) (Neol/bronze Age),267300,757800,PERTH AND KINROSS,http://canmore.org.uk/site/24572,57.427696,-3.1428771
Balmuick,Neolithic / Bronze Age,Stone Circle,,278370,725150,PERTH AND KINROSS,http://canmore.org.uk/site/24808,57.630521,-2.9613476
Wester Tullybannocher,Neolithic / Bronze Age,Stone Circle,"Cup Marked Stone (Prehistoric), ",275480,722470,PERTH AND KINROSS,http://canmore.org.uk/site/24858,57.248134,-2.6994712
Cluan,Neolithic / Bronze Age,Stone Circle,,274000,723000,PERTH AND KINROSS,http://canmore.org.uk/site/24865,57.241279,-2.7803634
Croft Moraig,Neolithic / Bronze Age,Stone Circle,"Cup And Ring Marked Stone (Prehistoric), Cup Marked Stone (Prehistoric), , Unidentified Pottery (Neolithic), Unidentified Pottery (Bronze Age)",279754,747266,PERTH AND KINROSS,http://canmore.org.uk/site/24891,57.421137,-2.7327382
Comrie Bridge,Neolithic / Bronze Age,Stone Circle,,278900,747900,PERTH AND KINROSS,http://canmore.org.uk/site/24934,57.447764,-2.78609
Acharn Falls,Neolithic / Bronze Age,Stone Circle,,276780,742490,PERTH AND KINROSS,http://canmore.org.uk/site/25004,57.412087,-2.8028037
Upper Gaskan,Neolithic / Bronze Age,Stone Circle,"Cup Marked Stone (Prehistoric), ",274660,761130,PERTH AND KINROSS,http://canmore.org.uk/site/25168,57.411855,-2.7530272
Wester Biggs,Neolithic / Bronze Age,Stone Circle,,286270,706080,PERTH AND KINROSS,http://canmore.org.uk/site/25219,57.400829,-2.8073833
Sheriff Muir,Neolithic / Bronze Age,Stone Circle,,283000,702000,STIRLING,http://canmore.org.uk/site/25276,57.361315,-2.776926
Stonefield,Neolithic / Bronze Age,Stone Circle,,285250,725050,PERTH AND KINROSS,http://canmore.org.uk/site/25405,57.511506,-2.7629245
Keppoch,Neolithic / Bronze Age,Stone Circle,,287980,725170,PERTH AND KINROSS,http://canmore.org.uk/site/25422,57.582652,-2.7003613
Carse Farm,Neolithic / Bronze Age,Stone Circle,,280280,748460,PERTH AND KINROSS,http://canmore.org.uk/site/25629,57.540115,-2.6746723
Balhomais,Neolithic / Bronze Age,Stone Circle,"Barrow (Prehistoric), ",282380,749260,PERTH AND KINROSS,http://canmore.org.uk/site/25662,57.662305,-2.7810055
Cecilmount,Neolithic / Bronze Age,Stone Circle,,290200,709850,PERTH AND KINROSS,http://canmore.org.uk/site/25928,57.662758,-2.7803448
Gleneagles,Neolithic / Bronze Age,Stone Circle,,293000,708000,PERTH AND KINROSS,http://canmore.org.uk/site/25929,57.230384,-2.5262082
Fowlis Wester,Neolithic / Bronze Age,Stone Circle(S),"Cairn (Bronze/iron Age), Standing Stone (Prehistoric), (S) (Neol/bronze Age)",292400,724900,PERTH AND KINROSS,http://canmore.org.uk/site/26170,57.21796,-2.5326546
Meikle Findowie,Neolithic / Bronze Age,Stone Circle,,295900,738680,PERTH AND KINROSS,http://canmore.org.uk/site/26198,57.321178,-2.6110269
Cnoc Dubh,Neolithic / Bronze Age,Stone Circle,,294240,758710,PERTH AND KINROSS,http://canmore.org.uk/site/26284,57.318715,-2.6187897
Craigiedun,Neolithic / Bronze Age,Stone Circle,", Township (Period Unassigned)",293000,759500,PERTH AND KINROSS,http://canmore.org.uk/site/26286,57.309848,-2.6314224
Faskally Cottages,Neolithic / Bronze Age,Stone Circle,,293010,758770,PERTH AND KINROSS,http://canmore.org.uk/site/26311,57.386295,-2.5339301
Tynreich,Neolithic / Bronze Age,Stone Circle,,297620,753450,PERTH AND KINROSS,http://canmore.org.uk/site/26313,57.386869,-2.5038304
Moneydie,Neolithic / Bronze Age,Stone Circle,,305880,728810,PERTH AND KINROSS,http://canmore.org.uk/site/26733,57.382529,-2.5107564
Bachilton,Neolithic / Bronze Age,Stone Circle,"Mound (Period Unassigned), ",300150,724110,PERTH AND KINROSS,http://canmore.org.uk/site/26950,57.382501,-2.5985747
Pitsundry,Neolithic / Bronze Age,Stone Circle,"Cup Marked Stone (Prehistoric), ",305590,734450,PERTH AND KINROSS,http://canmore.org.uk/site/27038,57.495843,-2.543704
East Cult,Neolithic / Bronze Age,Stone Circle,,307200,742100,PERTH AND KINROSS,http://canmore.org.uk/site/27135,57.48346,-2.5611988
Kirkmichael,Neolithic / Bronze Age,Stone Circle,"Church (Period Unassigned), Manse (Period Unassigned), ",308120,760100,PERTH AND KINROSS,http://canmore.org.uk/site/27636,57.451771,-2.6147039
Castle Law,Neolithic / Bronze Age,Stone Circle,,318000,715000,PERTH AND KINROSS,http://canmore.org.uk/site/27923,57.583902,-2.5368226
Abernethy,Neolithic / Bronze Age,Stone Circle,,318900,716800,PERTH AND KINROSS,http://canmore.org.uk/site/28004,57.583064,-2.5438342
Moncreiffe House,Neolithic / Bronze Age,Stone Circle,"Cairn (Period Unassigned), Cup Marked Stone (Prehistoric), Henge (Neol/bronze Age), Metal Working Site (Period Unassigned), , Timber Circle (Neol/bronze Age), Unidentified Pottery (Neolithic)",313280,719330,PERTH AND KINROSS,http://canmore.org.uk/site/28012,57.54356,-2.539236
Shianbank,Neolithic / Bronze Age,Stone Circle(S),(S) (Neol/bronze Age),315566,727305,PERTH AND KINROSS,http://canmore.org.uk/site/28134,57.176515,-2.4180173
"Sandy Road, Scone",Neolithic / Bronze Age,Stone Circle,,313270,726460,PERTH AND KINROSS,http://canmore.org.uk/site/28157,57.251902,-2.3597872
Gallowhill,Neolithic / Bronze Age,Stone Circle(S),(S) (Neol/bronze Age),316000,735000,PERTH AND KINROSS,http://canmore.org.uk/site/28497,57.248493,-2.3579311
East Whitefield,Neolithic / Bronze Age,Stone Circle,,317290,735140,PERTH AND KINROSS,http://canmore.org.uk/site/28503,57.343949,-2.4178422
Murthly Hospital,Neolithic / Bronze Age,Stone Circle,", Cinerary Urn(S)",310270,738510,PERTH AND KINROSS,http://canmore.org.uk/site/28591,57.44541,-2.4386587
Brownies Knowe,Neolithic / Bronze Age,Stone Circle,,316060,730920,PERTH AND KINROSS,http://canmore.org.uk/site/28608,57.451959,-2.4412367
Williamston,Neolithic / Bronze Age,Stone Circle,,313830,731060,PERTH AND KINROSS,http://canmore.org.uk/site/28638,57.454419,-2.456598
Blackfaulds,Neolithic / Bronze Age,Stone Circle,,314130,731670,PERTH AND KINROSS,http://canmore.org.uk/site/28639,57.158146,-2.2347259
Colen,Neolithic / Bronze Age,Stone Circle,"Cup Marked Stone (Prehistoric), ",311060,731160,PERTH AND KINROSS,http://canmore.org.uk/site/28643,57.122401,-2.1755399
Druids' Seat Wood,Neolithic / Bronze Age,Stone Circle,,312480,731320,PERTH AND KINROSS,http://canmore.org.uk/site/28645,57.243719,-2.2525024
Craigmakerran,Neolithic / Bronze Age,Stone Circle,,314000,732200,PERTH AND KINROSS,http://canmore.org.uk/site/28684,57.219997,-2.2970492
Kynballoch,Neolithic / Bronze Age,Stone Circle,,317900,749500,PERTH AND KINROSS,http://canmore.org.uk/site/28706,57.18054,-2.2662964
Broad Moss,Neolithic / Bronze Age,Stone Circle(S),(S) (Neol/bronze Age),319800,747620,PERTH AND KINROSS,http://canmore.org.uk/site/28709,57.220355,-2.2972011
Leys Of Marlee,Neolithic / Bronze Age,Stone Circle,,315990,743880,PERTH AND KINROSS,http://canmore.org.uk/site/28881,57.31459,-2.2956541
Balnabroich,Neolithic / Bronze Age,Stone Circle,,310210,756980,PERTH AND KINROSS,http://canmore.org.uk/site/29056,57.363835,-2.1929839
"Woodside, Hill Of Drimmie",Neolithic / Bronze Age,Stone Circle,,318480,750050,PERTH AND KINROSS,http://canmore.org.uk/site/29209,57.522007,-2.2003309
Alrick,Neolithic / Bronze Age,Stone Circle,"Cairn (Period Unassigned), ",318830,761730,ANGUS,http://canmore.org.uk/site/29380,57.467244,-2.1800262
Balbirnie,Neolithic / Bronze Age,Stone Circle,"Cairn (Period Unassigned), , Unidentified Pottery (Neolithic)",328500,703040,FIFE,http://canmore.org.uk/site/29980,57.59634,-2.2710041
Kilspindie,Neolithic / Bronze Age,Stone Circle,,321000,726000,PERTH AND KINROSS,http://canmore.org.uk/site/30423,57.656577,-2.286535
Craig Greine,Neolithic / Bronze Age,Stone Circle,,321000,726000,PERTH AND KINROSS,http://canmore.org.uk/site/30424,57.411569,-2.1676016
Craig Greine,Neolithic / Bronze Age,Stone Circle,"Cup Marked Stone (Prehistoric), ",321100,728200,PERTH AND KINROSS,http://canmore.org.uk/site/30425,57.509559,-2.0897762
Beal Hill,Neolithic / Bronze Age,Stone Circle,,320600,727300,PERTH AND KINROSS,http://canmore.org.uk/site/30426,57.488654,-2.0431869
Hill Of Ballunie,Neolithic / Bronze Age,Stone Circle(S),(S) (Neol/bronze Age),326500,738900,PERTH AND KINROSS,http://canmore.org.uk/site/30549,57.488821,-2.0717104
Stockmuir,Neolithic / Bronze Age,Stone Circle,"Cup Marked Stone (Prehistoric), ",324220,732850,PERTH AND KINROSS,http://canmore.org.uk/site/30664,57.459284,-2.0349853
Round Law,Neolithic / Bronze Age,Stone Circle,"Cairn(S) (Period Unassigned), ",323240,733730,PERTH AND KINROSS,http://canmore.org.uk/site/30665,57.547576,-2.0519447
Bandirran,Neolithic / Bronze Age,Stone Circle,,320910,730990,PERTH AND KINROSS,http://canmore.org.uk/site/30679,57.418212,-1.9172432
Strone Hill,Neolithic / Bronze Age,Stone Circle,,328890,756760,ANGUS,http://canmore.org.uk/site/31009,57.546502,-1.9563812
Shealwalls,Neolithic / Bronze Age,Stone Circle,,323960,751500,PERTH AND KINROSS,http://canmore.org.uk/site/31111,56.786953,-7.6291452
Brunton,Neolithic / Bronze Age,Stone Circle(S),(S) (Neol/bronze Age),331000,720000,FIFE,http://canmore.org.uk/site/31816,56.500082,-6.9440706
Creich Manse,Neolithic / Bronze Age,Stone Circle(S),"Carved Stone(S) (Period Unassigned), Garden Feature (19th Century), Ring Cairn (Bronze Age), (S) (Neol/bronze Age)",331920,721029,FIFE,http://canmore.org.uk/site/31819,56.619512,-6.0897802
Balluderon,Neolithic / Bronze Age,Stone Circle,"Cup Marked Stone (Prehistoric), ",338180,738440,ANGUS,http://canmore.org.uk/site/31853,56.407963,-5.3944666
Templelands,Neolithic / Bronze Age,Stone Circle,,335000,736000,ANGUS,http://canmore.org.uk/site/31855,56.385329,-5.0258985
Balgarthno Stone Circle,Neolithic / Bronze Age,Stone Circle,,335330,731610,"DUNDEE, CITY OF",http://canmore.org.uk/site/31955,56.328528,-4.7235487
Mylnefield,Neolithic / Bronze Age,Stone Circle,,333000,730000,PERTH AND KINROSS,http://canmore.org.uk/site/32013,56.355912,-4.3709704
Parkend,Neolithic / Bronze Age,Stone Circle,,338080,755000,ANGUS,http://canmore.org.uk/site/32179,56.37807,-4.0179686
Culhawk Hill,Neolithic / Bronze Age,Stone Circle,,335300,756200,ANGUS,http://canmore.org.uk/site/32209,56.382437,-4.0421721
Corogle Burn,Neolithic / Bronze Age,Stone Circle,"Standing Stone(S) (Prehistoric), ",334880,760170,ANGUS,http://canmore.org.uk/site/32420,56.558161,-4.0063938
Tealing Stones,Neolithic / Bronze Age,Stone Circle,,341640,739780,ANGUS,http://canmore.org.uk/site/33351,56.268394,-3.774477
Blackgate,Neolithic / Bronze Age,Stone Circle,"Cup And Ring Marked Stone (Prehistoric), , Cinerary Urn",348400,752800,ANGUS,http://canmore.org.uk/site/33830,56.25242,-3.728541
Dunino,Neolithic / Bronze Age,Stone Circle,,354000,710900,FIFE,http://canmore.org.uk/site/34487,56.70807,-3.7291289
Boath Hill,Neolithic / Bronze Age,Stone Circle,,356100,745600,ANGUS,http://canmore.org.uk/site/34616,56.714881,-3.7497022
Arbirlot,Neolithic / Bronze Age,Stone Circle,,355000,740000,ANGUS,http://canmore.org.uk/site/34705,56.492636,-3.534952
Townhead,Neolithic / Bronze Age,Stone Circle,,354270,768860,ANGUS,http://canmore.org.uk/site/35010,56.56166,-3.5115479
Millden,Neolithic / Bronze Age,Stone Circle,,354000,779000,ANGUS,http://canmore.org.uk/site/35148,56.723493,-3.5030018
Braco,Neolithic / Bronze Age,Stone Circle(S),,350200,770300,ANGUS,http://canmore.org.uk/site/35233,56.336593,-3.3133744
Birse,Neolithic / Bronze Age,Stone Circle(S),,355000,797000,ABERDEENSHIRE,http://canmore.org.uk/site/35251,56.430361,-3.3706695
Glen Wood,Bronze Age,Stone Circle,,367840,762280,ANGUS,http://canmore.org.uk/site/36005,56.465858,-3.4220375
Three Laws,Neolithic / Bronze Age,Stone Circle,,368000,762000,ANGUS,http://canmore.org.uk/site/36006,56.630116,-3.3398571
East Pitforthie,Neolithic / Bronze Age,Stone Circle,,361970,761420,ANGUS,http://canmore.org.uk/site/36059,56.69588,-3.4677707
Glassel,Neolithic / Bronze Age,Stone Circle,,364880,799660,ABERDEENSHIRE,http://canmore.org.uk/site/36195,56.635158,-3.3305797
Inchbrae,Neolithic / Bronze Age,Stone Circle,,361000,796000,ABERDEENSHIRE,http://canmore.org.uk/site/36197,56.74012,-3.3285656
Cairnfauld,Neolithic / Bronze Age,Stone Circle,,375350,794060,ABERDEENSHIRE,http://canmore.org.uk/site/36695,56.419581,-3.2821902
Eslie The Lesser,Neolithic / Bronze Age,Stone Circle,"Ring Cairn (Neol/bronze Age), ",372250,792150,ABERDEENSHIRE,http://canmore.org.uk/site/36703,56.419581,-3.2821902
"Standing Stones, Durris",Neolithic / Bronze Age,Stone Circle,,374190,793360,ABERDEENSHIRE,http://canmore.org.uk/site/36745,56.439358,-3.2812341
East Mulloch,Neolithic / Bronze Age,Stone Circle,,373400,792300,ABERDEENSHIRE,http://canmore.org.uk/site/36747,56.431191,-3.2890674
Newlands,Neolithic / Bronze Age,Stone Circle,,383630,783330,ABERDEENSHIRE,http://canmore.org.uk/site/37038,56.481636,-3.2319979
Auchlee,Neolithic / Bronze Age,Stone Circle,,389342,797054,ABERDEENSHIRE,http://canmore.org.uk/site/37045,56.489381,-3.2481649
Saddle Hill & Garrison Hill,Neolithic / Bronze Age,Stone Circle,,383000,790000,ABERDEENSHIRE,http://canmore.org.uk/site/37145,56.697124,-3.1627694
"Campstone Hill, Raedykes",Neolithic / Bronze Age,Stone Circle,"Ring Cairn (Neol/bronze Age), ",383226,790655,ABERDEENSHIRE,http://canmore.org.uk/site/37182,56.682626,-3.0123098
Old Bourtreebush,Neolithic / Bronze Age,Stone Circle,"Cairn (Period Unassigned), Cup Marked Stone (Prehistoric), ",390350,796080,ABERDEENSHIRE,http://canmore.org.uk/site/37197,56.728628,-3.0658446
Craighead,Neolithic / Bronze Age,Stone Circle,,391170,797720,ABERDEENSHIRE,http://canmore.org.uk/site/37208,56.664119,-2.8434411
"Islay, Cultoon",Neolithic / Bronze Age,Stone Circle,,119560,656970,ARGYLL AND BUTE,http://canmore.org.uk/site/37233,56.900053,-2.7568141
"Islay, Ardilistry",Neolithic / Bronze Age,Stone Circle,,144260,649190,ARGYLL AND BUTE,http://canmore.org.uk/site/38005,56.821511,-2.8174857
"Arran, Auchengallon",Neolithic / Bronze Age,Stone Circle,"Cairn (Neol/bronze Age), ",189287,634646,NORTH AYRSHIRE,http://canmore.org.uk/site/39228,57.061836,-2.7436153
Temple Wood,Neolithic / Bronze Age,Stone Circle(S),(S) (Neol/bronze Age),182630,697820,ARGYLL AND BUTE,http://canmore.org.uk/site/39504,56.751025,-2.5274972
Kilmartin,Neolithic / Bronze Age,Stone Circle(S),"Cairn(S) (Period Unassigned), Cremation (Period Unassigned), Inhumation(S) (Period Unassigned), (S) (Neol/bronze Age)",,,ARGYLL AND BUTE,http://canmore.org.uk/site/39510,56.748521,-2.5248459
"Arran, Glen Shurig",Neolithic / Bronze Age,Stone Circle,,199000,636000,NORTH AYRSHIRE,http://canmore.org.uk/site/39685,56.742856,-2.6233497
"Arran, Machrie Moor",Neolithic / Bronze Age,Stone Circle(S),(S) (Neol/bronze Age),190876,632351,NORTH AYRSHIRE,http://canmore.org.uk/site/39699,57.086591,-2.581093
"Arran, Machrie Moor 3",Neolithic / Bronze Age,Stone Circle,,191006,632457,NORTH AYRSHIRE,http://canmore.org.uk/site/39700,57.053402,-2.6445361
"Arran, Machrie Moor 4",Neolithic / Bronze Age,Stone Circle,,191001,632355,NORTH AYRSHIRE,http://canmore.org.uk/site/39701,57.036969,-2.4077976
"Arran, Machrie Moor 2",Neolithic / Bronze Age,Stone Circle,"Cist (Neol/bronze Age), Inhumation (Prehistoric), , Flake(S) (Flint), Food Vessel, Millstone(S)",191130,632420,NORTH AYRSHIRE,http://canmore.org.uk/site/39702,57.064403,-2.1773763
"Arran, Machrie Moor 1",Neolithic / Bronze Age,Stone Circle,"Plough Marks, , Timber Circle(S) (Neolithic), Flake(S) (Pitchstone), Unidentified Pottery",191196,632399,NORTH AYRSHIRE,http://canmore.org.uk/site/39703,57.055676,-2.1607171
"Arran, Machrie Moor 11",Neolithic / Bronze Age,Stone Circle,"Plough Marks, , Timber Circle (Neolithic)",191213,632426,NORTH AYRSHIRE,http://canmore.org.uk/site/39704,57.070425,-2.1472574
"Arran, Machrie Moor",Neolithic / Bronze Age,Stone Circle(S),(S) (Neol/bronze Age),190878,632353,NORTH AYRSHIRE,http://canmore.org.uk/site/39705,55.668653,-6.0684824
"Arran, Ballymichael",Neolithic / Bronze Age,Stone Circle,"Cist(S) (Prehistoric), Standing Stone (Prehistoric), , Cinerary Urn (Prehistoric), Unidentified Flint(S) (Flint)",192720,631190,NORTH AYRSHIRE,http://canmore.org.uk/site/39712,,
"Arran, Machrie Moor",Neolithic / Bronze Age,Stone Circle,"Standing Stone (Prehistoric), ",191040,632240,NORTH AYRSHIRE,http://canmore.org.uk/site/39718,55.539922,-5.3159413
Stillaig,Neolithic / Bronze Age,Stone Circle,,194300,668600,ARGYLL AND BUTE,http://canmore.org.uk/site/39829,55.540929,-5.3139649
"Arran, Kildonan",Prehistoric,Stone Circle,"Standing Stone (Prehistoric),  (Prehistoric)",203368,620869,NORTH AYRSHIRE,http://canmore.org.uk/site/40133,55.530294,-5.2859006
"Arran, Glensheraig",Neolithic / Bronze Age,Stone Circle,,200170,637230,NORTH AYRSHIRE,http://canmore.org.uk/site/40153,55.538997,-5.3132632
"Arran, Blairmore Glen",Neolithic / Bronze Age,Stone Circle,,201882,633419,NORTH AYRSHIRE,http://canmore.org.uk/site/40164,55.866547,-5.2890019
"Arran, Mid Sannox",Neolithic / Bronze Age,Stone Circle,"Standing Stone (Prehistoric), ",201433,645782,NORTH AYRSHIRE,http://canmore.org.uk/site/40216,55.58759,-5.1724294
"Bute, St Colmac Cottages",Neolithic / Bronze Age,Stone Circle(S),(S) (Neol/bronze Age),204434,666794,ARGYLL AND BUTE,http://canmore.org.uk/site/40338,55.854562,-5.1260191
Loudoun House,Neolithic / Bronze Age,Stone Circle,,251400,637100,EAST AYRSHIRE,http://canmore.org.uk/site/43684,55.604755,-4.3603564
Wildshaw Burn,Prehistoric,Stone Circle, (Prehistoric),288186,627151,SOUTH LANARKSHIRE,http://canmore.org.uk/site/46425,55.52525,-3.7727711
"Tullibody, Haer Stane",Neolithic / Bronze Age,Stone Circle,"Cross (Period Unassigned), Socketed Stone (Period Unassigned), , War Memorial (20th Century)",285650,694750,CLACKMANNAN,http://canmore.org.uk/site/47212,56.131725,-3.8413907
Cuninghar,Neolithic / Bronze Age,Stone Circle,"Cist(S) (Bronze Age), Cup And Ring Marked Stone (Prehistoric), , Food Vessel Urn(S) (Bronze Age)",292540,697090,CLACKMANNAN,http://canmore.org.uk/site/48255,56.154342,-3.7315395
Mary Wood,Neolithic / Bronze Age,Stone Circle,,290600,692600,CLACKMANNAN,http://canmore.org.uk/site/48324,56.113579,-3.7609097
Stobo Mill,Neolithic / Bronze Age,Stone Circle,,317550,637000,"SCOTTISH BORDERS, THE",http://canmore.org.uk/site/49829,55.619571,-3.3107288
Harestanes,Neolithic / Bronze Age,Stone Circle,,312400,644320,"SCOTTISH BORDERS, THE",http://canmore.org.uk/site/50110,55.684422,-3.394812
Marchwell,Neolithic / Bronze Age,Stone Circle,", Food Vessel",322640,662120,MIDLOTHIAN,http://canmore.org.uk/site/51863,55.779102,-2.8465388
Burgh Hill,Neolithic / Bronze Age,Stone Circle,,347010,606240,"SCOTTISH BORDERS, THE",http://canmore.org.uk/site/54016,55.970035,-2.9099849
Kirktonhill,Neolithic / Bronze Age,Stone Circle,,347000,654300,"SCOTTISH BORDERS, THE",http://canmore.org.uk/site/54589,55.43724,-2.3966676
Longniddry Dean,Neolithic / Bronze Age,Stone Circle,,343300,675600,EAST LOTHIAN,http://canmore.org.uk/site/54926,54.794354,-4.9879554
Borrowston Rig,Neolithic / Bronze Age,Stone Circle,,355760,652310,"SCOTTISH BORDERS, THE",http://canmore.org.uk/site/56020,54.778491,-4.9822743
"Harelaw, Fairnington",Neolithic / Bronze Age,Stone Circle,,366000,628000,"SCOTTISH BORDERS, THE",http://canmore.org.uk/site/56957,54.885362,-4.7983571
Harestanes Cottages,Neolithic / Bronze Age,Stone Circle,,364200,624400,"SCOTTISH BORDERS, THE",http://canmore.org.uk/site/57102,54.841971,-4.7299273
Yadlee,Neolithic / Bronze Age,Stone Circle,,365400,667320,"SCOTTISH BORDERS, THE",http://canmore.org.uk/site/57472,55.007669,-4.5035947
'the Nine Stones',Neolithic / Bronze Age,Stone Circle,,362540,665490,EAST LOTHIAN,http://canmore.org.uk/site/57484,54.890917,-4.4587602
Spartleton Edge,Neolithic / Bronze Age,Stone Circle,,364600,667500,EAST LOTHIAN,http://canmore.org.uk/site/57488,54.88704,-4.2940178
Penshiel Hill,Neolithic / Bronze Age,Stone Circle,,363230,664290,EAST LOTHIAN,http://canmore.org.uk/site/57547,55.220932,-4.2765636
Chapel Stone,Neolithic / Bronze Age,Stone Circle,,364010,663170,EAST LOTHIAN,http://canmore.org.uk/site/57557,54.780082,-4.0368084
Penshiel Grange,Neolithic / Bronze Age,Stone Circle,,364020,663090,EAST LOTHIAN,http://canmore.org.uk/site/57558,54.772364,-4.0199401
Five Stanes,Neolithic / Bronze Age,Stone Circle,,375260,616860,"SCOTTISH BORDERS, THE",http://canmore.org.uk/site/57951,54.948441,-3.9146157
Oxnam Parish,Neolithic / Bronze Age,Stone Circle(S),,375000,616000,"SCOTTISH BORDERS, THE",http://canmore.org.uk/site/57973,55.254284,-3.7475621
Plenderleith,Neolithic / Bronze Age,Stone Circle,,374000,611800,"SCOTTISH BORDERS, THE",http://canmore.org.uk/site/58144,54.896236,-3.6699533
Five Stone Field,Neolithic / Bronze Age,Stone Circle,,377370,629220,"SCOTTISH BORDERS, THE",http://canmore.org.uk/site/58189,55.097804,-3.6517054
Edinken Bridge,Neolithic / Bronze Age,Stone Circle,", Cinerary Urn",373700,673200,EAST LOTHIAN,http://canmore.org.uk/site/58919,55.047627,-3.6929979
Kirkmadrine,Neolithic / Bronze Age,Stone Circle,,208010,548480,DUMFRIES AND GALLOWAY,http://canmore.org.uk/site/60467,55.14838,-3.6333946
Clachanmore,Neolithic / Bronze Age,Stone Circle,,208300,546700,DUMFRIES AND GALLOWAY,http://canmore.org.uk/site/60468,55.149464,-3.6987214
Standing Stones Of Balmennoch,Neolithic / Bronze Age,Stone Circle,,206000,557000,DUMFRIES AND GALLOWAY,http://canmore.org.uk/site/60544,55.105701,-3.5849396
Standing Stones Of Glenterrow,Neolithic / Bronze Age,Stone Circle,,214530,562510,DUMFRIES AND GALLOWAY,http://canmore.org.uk/site/61765,55.130204,-3.6483375
Claywarnies,Neolithic / Bronze Age,Stone Circle,,210000,571000,DUMFRIES AND GALLOWAY,http://canmore.org.uk/site/61917,55.249928,-3.3550104
Glenjorrie,Neolithic / Bronze Age,Stone Circle,,220600,558100,DUMFRIES AND GALLOWAY,http://canmore.org.uk/site/62181,54.999221,-3.2255441
"Steeps Park, High Gillespie",Neolithic / Bronze Age,Stone Circle,,224800,553100,DUMFRIES AND GALLOWAY,http://canmore.org.uk/site/62274,55.258217,-3.1705665
Torhousekie,Neolithic / Bronze Age,Stone Circle,,238255,556493,DUMFRIES AND GALLOWAY,http://canmore.org.uk/site/62843,55.253879,-3.1759297
Drumfern,Neolithic / Bronze Age,Stone Circle,,239990,570990,DUMFRIES AND GALLOWAY,http://canmore.org.uk/site/63017,55.208124,-3.1172371
Glenturk,Neolithic / Bronze Age,Stone Circle,"Standing Stone (Prehistoric), ",242400,557900,DUMFRIES AND GALLOWAY,http://canmore.org.uk/site/63369,60.332708,-1.6939472
Glenquicken Moor,Neolithic / Bronze Age,Stone Circle,,250790,558300,DUMFRIES AND GALLOWAY,http://canmore.org.uk/site/63666,57.994914,-4.1737864
Glenquicken Moor,Neolithic / Bronze Age,Stone Circle,,250740,558330,DUMFRIES AND GALLOWAY,http://canmore.org.uk/site/63669,58.18569,-6.4546943
Glenquicken,Neolithic / Bronze Age,Stone Circle,,250960,558210,DUMFRIES AND GALLOWAY,http://canmore.org.uk/site/63688,57.211146,-5.9434803
Claughreid,Neolithic / Bronze Age,Stone Circle,"Cup And Ring Marked Rock (Prehistoric), ",251780,556000,DUMFRIES AND GALLOWAY,http://canmore.org.uk/site/63690,57.685199,-7.19506
Cauldside Burn,Neolithic / Bronze Age,Stone Circle,,252950,557110,DUMFRIES AND GALLOWAY,http://canmore.org.uk/site/63691,55.992619,-5.663852
Holm Of Daltallochan,Neolithic / Bronze Age,Stone Circle,,255280,594220,DUMFRIES AND GALLOWAY,http://canmore.org.uk/site/63878,55.902851,-2.9306426
Shore Plantation,Neolithic / Bronze Age,Stone Circle,,267500,546360,DUMFRIES AND GALLOWAY,http://canmore.org.uk/site/63911,58.550596,-3.7303268
Drummore,Neolithic / Bronze Age,Stone Circle,,268840,545970,DUMFRIES AND GALLOWAY,http://canmore.org.uk/site/63926,55.010032,-3.1586335
Little Balmae,Neolithic / Bronze Age,Stone Circle,,269100,544700,DUMFRIES AND GALLOWAY,http://canmore.org.uk/site/63986,55.064231,-3.1288825
Loch Mannoch,Neolithic / Bronze Age,Stone Circle,,266300,561500,DUMFRIES AND GALLOWAY,http://canmore.org.uk/site/64176,56.147766,-3.326241
Loch Mannoch,Neolithic / Bronze Age,Stone Circle,,266280,561430,DUMFRIES AND GALLOWAY,http://canmore.org.uk/site/64182,57.732682,-5.7138999
Stroan Loch,Neolithic / Bronze Age,Stone Circle,,264000,570900,DUMFRIES AND GALLOWAY,http://canmore.org.uk/site/64233,56.540786,-6.7544651
"Wallace's Putting Stone, Raeberry Hill",Neolithic / Bronze Age,Stone Circle,,270160,543810,DUMFRIES AND GALLOWAY,http://canmore.org.uk/site/64464,57.256874,-2.7264898
Bombie,Neolithic / Bronze Age,Stone Circle,,270790,550180,DUMFRIES AND GALLOWAY,http://canmore.org.uk/site/64541,55.623099,-3.7483766
Queen Mary's Bridge,Neolithic / Bronze Age,Stone Circle,,270300,554760,DUMFRIES AND GALLOWAY,http://canmore.org.uk/site/64545,57.164393,-6.058817
Ernespie,Neolithic / Bronze Age,Stone Circle,"Standing Stone(S) (Prehistoric), ",277470,563210,DUMFRIES AND GALLOWAY,http://canmore.org.uk/site/64626,55.567517,-5.565415
Gaisters,Neolithic / Bronze Age,Stone Circle,,276100,580100,DUMFRIES AND GALLOWAY,http://canmore.org.uk/site/64784,56.339932,-4.4622117
Kirkgunzeon,Neolithic / Bronze Age,Stone Circle,,286570,566680,DUMFRIES AND GALLOWAY,http://canmore.org.uk/site/64940,57.261436,-6.1544684
Morton Old Church,Neolithic / Bronze Age,Stone Circle,"Cross (Period Unassigned), ",289020,596960,DUMFRIES AND GALLOWAY,http://canmore.org.uk/site/65157,57.577481,-2.7708263
Airdrie,Neolithic / Bronze Age,Stone Circle,,296600,558700,DUMFRIES AND GALLOWAY,http://canmore.org.uk/site/65354,56.330288,-3.3147751
Kirkbean Parish,Neolithic / Bronze Age,Stone Circle,,297000,559000,DUMFRIES AND GALLOWAY,http://canmore.org.uk/site/65355,55.687087,-5.6121134
Mains Of Southwick,Neolithic / Bronze Age,Stone Circle,", Axehead (Jadeite), Cinerary Urn(S)",293000,557000,DUMFRIES AND GALLOWAY,http://canmore.org.uk/site/65403,58.392457,-6.490558
"Dumfries, Greystone Park",Neolithic / Bronze Age,Stone Circle,"Human Remains (Period Unassigned), , Cinerary Urn",297980,576900,DUMFRIES AND GALLOWAY,http://canmore.org.uk/site/65554,55.658116,-5.5418468
The Twelve Apostles,Neolithic / Bronze Age,Stone Circle,", Figurine (Bronze)",294700,579400,DUMFRIES AND GALLOWAY,http://canmore.org.uk/site/65647,58.20909,-6.7360815
Easthill,Neolithic / Bronze Age,Stone Circle,"Cup Marked Stone (Prehistoric), ",291930,573880,DUMFRIES AND GALLOWAY,http://canmore.org.uk/site/65729,58.214445,-6.7323644
Newlands,Neolithic / Bronze Age,Stone Circle,,296000,585000,DUMFRIES AND GALLOWAY,http://canmore.org.uk/site/65760,57.56252,-2.1303547
Temple Wood,18th Century,Stone Circle, (18th Century),291840,585220,DUMFRIES AND GALLOWAY,http://canmore.org.uk/site/65780,58.215634,-6.7318411
Burntscarth Green Farm,Neolithic / Bronze Age,Stone Circle,,298980,580180,DUMFRIES AND GALLOWAY,http://canmore.org.uk/site/65828,55.482056,-3.3005572
Foregirth Farm,Neolithic / Bronze Age,Stone Circle,"Cross Incised Stone (Early Medieval), Stone (Period Unassigned), ",295000,583000,DUMFRIES AND GALLOWAY,http://canmore.org.uk/site/65837,58.393824,-6.4925822
Kirkhill,Neolithic / Bronze Age,Stone Circle,,313960,595920,DUMFRIES AND GALLOWAY,http://canmore.org.uk/site/66901,52.032219,-3.5741252
Three Piked Stane,Neolithic / Bronze Age,Stone Circle,"Cross (Period Unassigned), ",321700,567870,DUMFRIES AND GALLOWAY,http://canmore.org.uk/site/66994,53.223376,-3.9127257
Whitcastles,Neolithic / Bronze Age,Stone Circle,,322400,588060,DUMFRIES AND GALLOWAY,http://canmore.org.uk/site/67179,53.253353,-3.9158621
Seven Brethren,Neolithic / Bronze Age,Stone Circle,,321710,582690,DUMFRIES AND GALLOWAY,http://canmore.org.uk/site/67223,53.201959,-3.2422257
"'loupin Stanes', Hartmanor",Neolithic / Bronze Age,Stone Circle,,325700,596630,DUMFRIES AND GALLOWAY,http://canmore.org.uk/site/67232,52.923616,-3.4056039
"Cote, 'girdle Stanes'",Neolithic / Bronze Age,Stone Circle,,325351,596153,DUMFRIES AND GALLOWAY,http://canmore.org.uk/site/67234,51.637753,-2.8134797
Westerkirk Mains,Neolithic / Bronze Age,Stone Circle,,329000,591000,DUMFRIES AND GALLOWAY,http://canmore.org.uk/site/67337,57.330668,-2.8486952
Ninestone Rig,Neolithic / Bronze Age,Stone Circle,,351750,597310,"SCOTTISH BORDERS, THE",http://canmore.org.uk/site/67994,58.178605,-6.829506
"Papa Stour, West Voe",Neolithic / Bronze Age,Stone Circle(S),"Burnt Mound(S) (Prehistoric), Cairn(S) (Period Unassigned), (S) (Neol/bronze Age)",417000,1161000,SHETLAND ISLANDS,http://canmore.org.uk/site/71332,55.567215,-2.1188983
Pittentrail,Neolithic / Bronze Age,Stone Circle,,271600,902700,HIGHLAND,http://canmore.org.uk/site/72867,59.022886,-3.1896024
"Lewis, Druim Dubh",Neolithic / Bronze Age,Stone Circle,,138260,930530,WESTERN ISLES,http://canmore.org.uk/site/72933,55.870664,-4.2439382
Mill Of Kelly,Neolithic / Bronze Age,Stone Circle,"Hut Circle (Prehistoric), ",389080,835310,ABERDEENSHIRE,http://canmore.org.uk/site/74977,58.381382,-6.5024182
"Skye, Kilchrist, Glebe",Neolithic / Bronze Age,Stone Circle,,161970,820270,HIGHLAND,http://canmore.org.uk/site/74991,57.567241,-7.2706897
Easter Peathaugh,Neolithic / Bronze Age,Stone Circle,,323540,757300,ANGUS,http://canmore.org.uk/site/78450,56.919924,-7.509932
Nethertown,Neolithic / Bronze Age,Stone Circle,"Pen (Period Unassigned), ",318520,829130,MORAY,http://canmore.org.uk/site/80693,56.964248,-7.4317903
"North Uist, Beinn A' Chaolcais",Neolithic / Bronze Age,Stone Circle,,90506,878026,WESTERN ISLES,http://canmore.org.uk/site/84377,55.947413,-4.4069096
Upper Cullernie,Neolithic / Bronze Age,Stone Circle,", Cinerary Urn",272550,847500,HIGHLAND,http://canmore.org.uk/site/85400,57.071571,-3.061937
Barrahormid,Neolithic / Bronze Age,Stone Circle,,171600,683800,ARGYLL AND BUTE,http://canmore.org.uk/site/88655,57.50925,-2.7343371
Ormiston Hall,Neolithic / Bronze Age,Stone Circle,"Cist (Period Unassigned), ",341910,668140,EAST LOTHIAN,http://canmore.org.uk/site/90574,57.39943,-6.4779693
Beul An Lochain,Neolithic / Bronze Age,Stone Circle,", Stone Setting (Neol/bronze Age)",299400,963800,HIGHLAND,http://canmore.org.uk/site/91652,57.132832,-2.8253284
Broathill,Neolithic / Bronze Age,Stone Circle,,326000,569000,DUMFRIES AND GALLOWAY,http://canmore.org.uk/site/95201,57.140416,-2.8195486
Branteth,Neolithic / Bronze Age,Stone Circle,,328000,575000,DUMFRIES AND GALLOWAY,http://canmore.org.uk/site/96323,54.84972,-4.1967788
"Islay, Mulreesh",Neolithic / Bronze Age,Stone Circle,,140200,668900,ARGYLL AND BUTE,http://canmore.org.uk/site/98301,55.84606,-3.2370474
"Kirkhall, Lochore",Neolithic / Bronze Age,Stone Circle,,317700,695800,FIFE,http://canmore.org.uk/site/98749,55.347316,-2.8371438
Strath,Neolithic / Bronze Age,Stone Circle,"Byre (Period Unassigned), Causeway (Period Unassigned), Clapper Bridge (Period Unassigned), Croft (Period Unassigned), Head Dyke (Post Medieval), Lazy Beds (Post Medieval), Port (Post Medieval), , Township (Period Unassigned), Well (Period Unassigned)",179000,877500,HIGHLAND,http://canmore.org.uk/site/104954,55.762106,-2.7065691
"Tiree, Druim Nan Caorach",Neolithic / Bronze Age,Stone Circle,"Enclosure (Period Unassigned), ",107850,748880,ARGYLL AND BUTE,http://canmore.org.uk/site/123127,55.544516,-2.5403775
Scotsmill,Neolithic / Bronze Age,Stone Circle,,356270,818700,ABERDEENSHIRE,http://canmore.org.uk/site/130610,55.512041,-2.5684349
Millmoor,Neolithic / Bronze Age,Stone Circle,,290000,638000,SOUTH LANARKSHIRE,http://canmore.org.uk/site/133639,55.897751,-2.5548743
An Reidhean,Neolithic / Bronze Age,Stone Circle,,154700,815480,HIGHLAND,http://canmore.org.uk/site/138366,55.881095,-2.6003528
Beinn An Tuirc,Neolithic / Bronze Age,Stone Circle,"Cairn (Period Unassigned), ",175300,636200,ARGYLL AND BUTE,http://canmore.org.uk/site/140970,55.89931,-2.5676903
Monachyle Tuarach,Modern,Stone Circle, (Modern),247900,719120,STIRLING,http://canmore.org.uk/site/149634,55.870367,-2.5891608
"Skye, River Sligachan",Neolithic / Bronze Age,Stone Circle,,149580,826620,HIGHLAND,http://canmore.org.uk/site/150648,55.860363,-2.5765479
Cloyhouse Burn,Neolithic / Bronze Age,Stone Circle,"Burnt Mound(S) (Prehistoric), ",317830,639750,"SCOTTISH BORDERS, THE",http://canmore.org.uk/site/166719,55.859645,-2.5763775
Knock Hill,Neolithic / Bronze Age,Stone Circle,"House Platform(S) (Period Unassigned), ",354000,854420,MORAY,http://canmore.org.uk/site/181046,55.44498,-2.3926353
Abernethy Den,Neolithic / Bronze Age,Stone Circle,,318800,716100,PERTH AND KINROSS,http://canmore.org.uk/site/185835,55.399449,-2.4120785
Sron Albannach,Neolithic / Bronze Age,Stone Circle,,173050,649650,ARGYLL AND BUTE,http://canmore.org.uk/site/238939,55.55614,-2.3602951
"Lewis, Shader, Ballantrushal",Neolithic / Bronze Age,Stone Circle,,137690,953660,WESTERN ISLES,http://canmore.org.uk/site/244189,55.951107,-2.4227259
Whitehillocks,Neolithic / Bronze Age,Stone Circle,,337094,766959,ANGUS,http://canmore.org.uk/site/254925,54.870038,-5.0248897
Brackley Forest,Neolithic / Bronze Age,Stone Circle,,177300,646200,ARGYLL AND BUTE,http://canmore.org.uk/site/266931,54.922726,-4.8956971
"Callanish, Breasclete Park (New Park)",Neolithic / Bronze Age,Stone Circle,,121920,934260,WESTERN ISLES,http://canmore.org.uk/site/270937,54.997213,-4.9719044
"Breasclete, Cnoc Gearraidh Nighean Choinnich",Neolithic / Bronze Age,Stone Circle,,122180,934840,WESTERN ISLES,http://canmore.org.uk/site/270940,54.876961,-4.5225286
"Coll, Caolas",Neolithic / Bronze Age,Stone Circle,,112235,753234,ARGYLL AND BUTE,http://canmore.org.uk/site/272279,54.897084,-4.3282778
"Lewis, Creagan Carrach",Neolithic / Bronze Age,Stone Circle,,138120,954100,WESTERN ISLES,http://canmore.org.uk/site/274230,54.897339,-4.3290723
"Lewis, Shader Riverside",Neolithic / Bronze Age,Stone Circle,,138030,954330,WESTERN ISLES,http://canmore.org.uk/site/274232,54.896327,-4.3255827
Auchorthie,Neolithic / Bronze Age,Stone Circle,,392300,852500,ABERDEENSHIRE,http://canmore.org.uk/site/279962,54.876728,-4.3116706
"Lewis, Breasclete, Cnoc Gearraidh Nighean Choinnich",Neolithic / Bronze Age,Stone Circle,,122220,934970,WESTERN ISLES,http://canmore.org.uk/site/283004,54.794569,-4.062427
Megget Reservoir,Neolithic / Bronze Age,Stone Circle,,317904,621685,"SCOTTISH BORDERS, THE",http://canmore.org.uk/site/283521,54.791419,-4.0414229
"Wiltshire, Amesbury, Stonehenge",Neolithic / Bronze Age,Stone Circle,"Henge (Neol/bronze Age), ",412240,142180,NOT APPLICABLE,http://canmore.org.uk/site/284716,54.930214,-4.0880951
Culblean Hill,Neolithic / Bronze Age,Stone Circle,,342500,800100,ABERDEENSHIRE,http://canmore.org.uk/site/288354,54.92958,-4.0883744
"Foula, Da Heights",Neolithic / Bronze Age,Stone Circle,"Ditch (Period Unassigned), Planticrub (Period Unassigned), Structure (Period Unassigned)",395900,1140800,SHETLAND ISLANDS,http://canmore.org.uk/site/293795,55.014004,-4.128424
"Lewis, Clach An Trushal",Neolithic / Bronze Age,Stone Circle(S),"Post Hole (Period Unassigned)",137582,953820,WESTERN ISLES,http://canmore.org.uk/site/293930,54.829735,-4.0129957
Cerrig Duon,Bronze Age,Stone Circle,,285110,220600,POWYS,http://canmore.org.uk/site/294919,54.87074,-4.0226762
Nant Tarw,Bronze Age,Stone Circle,,281920,225810,POWYS,http://canmore.org.uk/site/294920,55.099791,-3.9433201
Trecastle Mountain,Bronze Age,Stone Circle(S),,283330,231070,POWYS,http://canmore.org.uk/site/294922,54.981762,-3.7739879
Ynyshir,Bronze Age,Stone Circle,,292110,238260,POWYS,http://canmore.org.uk/site/294933,54.912265,-3.6144558
Cerrig Pryfaid,Prehistoric,Stone Circle,,272400,371300,CONWY,http://canmore.org.uk/site/294934,54.915043,-3.6083264
Druids' Circle,Bronze Age,Stone Circle,,272280,374640,CONWY,http://canmore.org.uk/site/294935,55.076034,-3.59943
Penbedw Park,Bronze Age,Stone Circle,,317120,367930,FLINTSHIRE,http://canmore.org.uk/site/294936,55.180717,-3.2201165
Moel Ty Uchaf,Bronze Age,Stone Circle,,305600,337170,DENBIGHSHIRE,http://canmore.org.uk/site/294937,55.132365,-3.2294637
Grey Hill,Bronze Age,Stone Circle,,343800,193530,MONMOUTHSHIRE,http://canmore.org.uk/site/294939,55.26757,-2.7608689
Kerry Hill,Bronze Age,Stone Circle,,315760,286070,POWYS,http://canmore.org.uk/site/294964,57.408044,-2.1833969
Rhos-y-beddau,Bronze Age,Stone Circle,,305770,330210,POWYS,http://canmore.org.uk/site/294965,56.701128,-3.2502677
Gors Fawr,Bronze Age,Stone Circle,,213460,229360,PEMBROKESHIRE,http://canmore.org.uk/site/294968,57.345364,-3.3555057
Fedw,Neolithic / Bronze Age,Stone Circle,,314320,257960,POWYS,http://canmore.org.uk/site/294975,57.49972,-4.1283985
Penmaenmawr,Neolithic / Bronze Age,Stone Circle,,272500,374760,CONWY,http://canmore.org.uk/site/294987,55.843131,-6.1516121
"Loch Erisort, Beinn Chleiteir",Neolithic / Bronze Age,Stone Circle,"Cairn (Period Unassigned)",129180,919500,WESTERN ISLES,http://canmore.org.uk/site/296383,55.644321,-3.3071064
Stonecrossfield,Neolithic / Bronze Age,Stone Circle,,349000,827000,ABERDEENSHIRE,http://canmore.org.uk/site/303055,56.789911,-3.0313395
"Isle Of Lewis, Beinn Fuathabhal",Neolithic / Bronze Age,Stone Circle,,116195,931261,WESTERN ISLES,http://canmore.org.uk/site/306031,56.582475,-6.6882287
Old Yeavering,Prehistoric,Stone Circle,"Aisled Building (Early Medieval), Amphitheatre (Early Medieval), Building (Early Medieval), Cemetery (Early Medieval), Church (Early Medieval), Cist (Prehistoric), Cremation Cemetery (Iron Age), Cremation Cemetery (Bronze Age), Field System (Iron Age), Field System (Roman), Henge (Neolithic), Palisaded Enclosure (Iron Age), Palisaded Enclosure (Roman), Pit (Neolithic), Round Barrow (Prehistoric), Royal Palace (Early Medieval), Standing Stone (Prehistoric),  (Prehistoric), Theatre (Ea",392600,630400,NORTHUMBERLAND,http://canmore.org.uk/site/306041,58.396654,-6.4837265
Stoneyhill,Neolithic / Bronze Age,Stone Circle,"Site (Period Unassigned)",331800,1015700,ORKNEY ISLANDS,http://canmore.org.uk/site/306456,58.398659,-6.4855235
"Glasgow, Sighthill Park, Stone Circle",20 th Century,Stone Circle,"Commemorative Monument (Period Unassigned),  (20th Century)",259691,666443,"GLASGOW, CITY OF",http://canmore.org.uk/site/320490,51.178725,-1.8262775
"Leith Hall, East Garden",Modern,Stone Circle,,354018,829953,ABERDEENSHIRE,http://canmore.org.uk/site/333575,57.088287,-2.9504052
Barabhas Standing Stones,Neolithic,Stone Circle,"Standing Stone (Neolithic)",136915,952475,WESTERN ISLES,http://canmore.org.uk/site/334736,60.151669,-2.0756477
Langais,Neolithic,Stone Circle," (Neolithic), Stone Setting (Neolithic)",84983,865266,WESTERN ISLES,http://canmore.org.uk/site/334762,51.872102,-3.6702093
S20 Skallary,Neolithic / Bronze Age,Stone Circle,,68944,799318,WESTERN ISLES,http://canmore.org.uk/site/335678,51.918257,-3.7183084
S28 Skallary,Neolithic / Bronze Age,Stone Circle,"Clearance Cairn (Period Unassigned), Stone Row (Neol/bronze Age)",69447,799134,WESTERN ISLES,http://canmore.org.uk/site/335685,51.965825,-3.6996029
K16 Kiessimul,Neolithic / Bronze Age,Stone Circle,,67357,798835,WESTERN ISLES,http://canmore.org.uk/site/335699,52.466047,-3.2414189
Vs58 South Vatersay,Prehistoric,Stone Circle, (Prehistoric),64863,794481,WESTERN ISLES,http://canmore.org.uk/site/335863,52.861099,-3.4010571
Ecc 2.5/1.8,Prehistoric,Stone Circle,"Cairn (Post Medieval), Cairn (Prehistoric), Clearance Cairn (Prehistoric), Clearance Cairn (Post Medieval)",138050,920950,WESTERN ISLES,http://canmore.org.uk/site/335995,51.931408,-4.7146661
"Ard Mhidhinis, Barra",Neolithic / Bronze Age,Stone Circle,"Stone Setting (Neol/bronze Age)",70470,803675,WESTERN ISLES,http://canmore.org.uk/site/336899,52.21317,-3.2554317
"Skallary, Barra",Neolithic / Bronze Age,Stone Circle,"Stone Setting (Neol/bronze Age)",70004,799025,WESTERN ISLES,http://canmore.org.uk/site/336903,53.254484,-3.9126146
Cochno Hill,Neolithic / Bronze Age,Stone Circle,,249793,675325,WEST DUNBARTONSHIRE,http://canmore.org.uk/site/347292,58.081467,-6.5958464
Corrybeg,Neolithic / Bronze Age,Stone Circle,"Non Antiquity",335712,798339,ABERDEENSHIRE,http://canmore.org.uk/site/351584,57.357727,-2.7659132
North Redhill,Neolithic / Bronze Age,Stone Circle,,356100,846800,MORAY,http://canmore.org.uk/site/351984,56.966111,-7.4495271
Balmeanach,Neolithic / Bronze Age,Stone Circle,,131100,843200,HIGHLAND,http://canmore.org.uk/site/351986,56.964825,-7.4410515
Tillychardoch,Bronze Age,Stone Circle,,350140,804960,ABERDEENSHIRE,http://canmore.org.uk/site/357139,56.960655,-7.4748726
Knowhead,Bronze Age,Stone Circle,,350500,805800,ABERDEENSHIRE,http://canmore.org.uk/site/360389,58.099782,-6.4475238
Syllodioch,21 st Century,Stone Circle,,259056,552758,DUMFRIES AND GALLOWAY,http://canmore.org.uk/site/363286,57.006165,-7.4302297
